date,cross_section_size,basket_size,top_mean_probability,bottom_mean_probability,probability_spread,top_mean_forward_return,bottom_mean_forward_return,return_spread,top_positive_rate,bottom_positive_rate
2023-07-27,33,7,0.5197495402751097,0.3533952223145692,0.16635431796054045,-0.05494313600960053,-0.03856186472345017,-0.016381271286150363,0.14285714285714285,0.2857142857142857
2023-08-24,33,7,0.5934149567743835,0.4071472380408983,0.1862677187334852,-0.019484632595260343,0.0033408499014531295,-0.022825482496713474,0.42857142857142855,0.5714285714285714
2023-09-22,33,7,0.5894824218405248,0.4130920354266564,0.1763903864138684,-0.0642265076100115,-0.01288092725624969,-0.05134558035376181,0.0,0.42857142857142855
2023-10-20,33,7,0.6188874493836986,0.41825521862944287,0.20063223075425568,0.10625968884057177,0.030904854049384606,0.07535483479118717,1.0,0.7142857142857143
2023-11-17,33,7,0.564799281378299,0.39812496761333216,0.16667431376496689,0.03925459352605546,0.028052421464377936,0.011202172061677524,0.8571428571428571,0.7142857142857143
2023-12-18,33,7,0.5298405166919559,0.364824621454695,0.16501589523726085,-0.018203399487580398,-0.0034699009687896615,-0.014733498518790737,0.2857142857142857,0.42857142857142855
2024-01-18,33,7,0.5315779404052046,0.31718581653721184,0.21439212386799272,0.042913287709676,0.010238826501199385,0.03267446120847661,0.7142857142857143,0.42857142857142855
2024-02-15,33,7,0.5835886414639321,0.41204688165909775,0.17154175980483433,0.04655011731456182,0.0071956553278748215,0.039354461986687,0.8571428571428571,0.7142857142857143
2024-03-15,33,7,0.5347175843268307,0.3993275511181555,0.1353900332086752,0.035488390544668534,-0.053419331919692,0.08890772246436053,0.7142857142857143,0.0
2024-04-15,33,7,0.5659693911917824,0.39401521072369444,0.1719541804680879,0.05715644127780117,0.059055279851459135,-0.0018988385736579613,0.8571428571428571,1.0
2024-05-13,33,7,0.5841808449579003,0.4412772940083715,0.14290355094952883,0.009777561188790695,-0.022997609454741514,0.032775170643532206,0.2857142857142857,0.2857142857142857
2024-06-11,33,7,0.5928246282004791,0.4024500667458632,0.1903745614546159,0.006880418201654351,0.014821496035500934,-0.007941077833846583,0.8571428571428571,0.5714285714285714
2024-07-11,33,7,0.5270905461519938,0.412449913999732,0.11464063215226178,0.04997709299605867,0.02654363617403515,0.023433456822023517,1.0,0.7142857142857143
2024-08-08,33,7,0.5690989310527177,0.4566762325539836,0.1124226984987341,-0.0008256902039072779,0.054286508542711144,-0.05511219874661842,0.42857142857142855,1.0
2024-09-06,33,7,0.524222289766683,0.3940206864718511,0.13020160329483182,0.06408490738597905,2.5932259199541135e-05,0.06405897512677951,0.8571428571428571,0.2857142857142857
2024-10-04,33,7,0.5187144316372339,0.4284888898932064,0.09022554174402747,-0.001382416649521212,-0.024292990189448065,0.022910573539926853,0.5714285714285714,0.0
2024-11-01,33,7,0.5506030496959362,0.4402143111161645,0.11038873857977172,-0.003626455038828112,0.05509726542080917,-0.05872372045963729,0.42857142857142855,0.8571428571428571
2024-12-02,33,7,0.5503893340964303,0.46129958170969176,0.08908975238673855,-0.06551421252823741,-0.038209467160648374,-0.02730474536758904,0.14285714285714285,0.14285714285714285
2024-12-31,33,7,0.5576681921830787,0.4169001416745299,0.14076805050854885,0.06534456624819888,0.02543210448880714,0.03991246175939174,0.8571428571428571,0.7142857142857143
2025-01-31,33,7,0.5273936451208888,0.4804507685227306,0.04694287659815821,0.049642924010944244,-0.01926214607505448,0.06890507008599872,0.8571428571428571,0.2857142857142857
2025-03-03,33,7,0.5900242343479406,0.4627486649879812,0.12727556935995943,-0.016599775295163686,-0.05314407570047116,0.03654430040530747,0.14285714285714285,0.14285714285714285
2025-03-31,33,7,0.5861095254887726,0.4696944560342203,0.11641506945455232,-0.015305183730788945,-0.03573270212788101,0.020427518397092066,0.42857142857142855,0.42857142857142855
2025-04-29,33,7,0.5338935650559028,0.4665105051254702,0.06738305993043259,-0.0033240028310690395,0.03814923834722057,-0.041473241178289606,0.42857142857142855,0.5714285714285714
2025-05-28,33,7,0.5333527257972729,0.4705565233927099,0.06279620240456296,0.059487249865862325,0.02312761657673961,0.036359633289122714,1.0,0.7142857142857143
2025-06-26,33,7,0.5226211403286355,0.44210983570263745,0.08051130462599804,0.02421289129158247,0.02736813328598905,-0.003155241994406581,0.8571428571428571,0.5714285714285714
2025-07-25,33,7,0.5150383021268766,0.4457364404558754,0.06930186167100122,0.023773792075719138,0.015195918869813816,0.008577873205905322,0.8571428571428571,0.7142857142857143
2025-08-22,33,7,0.5145525185511082,0.4582697245336518,0.056282794017456395,0.019667012321664217,-0.025309007625533248,0.044976019947197465,0.5714285714285714,0.14285714285714285
2025-09-22,33,7,0.5231659573331701,0.4380115027353031,0.08515445459786697,0.02662468120550619,0.024180275605335626,0.0024444056001705627,0.5714285714285714,0.5714285714285714
2025-10-20,33,7,0.540577888643031,0.4507319296883726,0.08984595895465841,-0.02524236889835063,-0.034990893155305555,0.009748524256954924,0.42857142857142855,0.14285714285714285
2025-11-17,33,7,0.569097245382414,0.4540612781666535,0.11503596721576054,0.02360757916333486,-0.004696444333452525,0.028304023496787387,0.7142857142857143,0.42857142857142855
2025-12-16,33,7,0.5164625526304667,0.45182111410210923,0.06464143852835746,0.05419325372432119,0.025337126108651402,0.028856127615669788,0.7142857142857143,0.7142857142857143
2026-01-15,33,7,0.5191766862641922,0.44350632604329565,0.07567036022089657,0.07620548074245127,0.04917821560773929,0.027027265134711986,0.7142857142857143,0.8571428571428571
2026-02-13,33,7,0.5594973072586892,0.4689559671200537,0.09054134013863546,-0.023039260231700838,-0.012392081036689142,-0.010647179195011696,0.2857142857142857,0.0
2026-03-16,33,7,0.5646167227115738,0.45205236679999494,0.11256435591157887,0.0650750182335453,0.0031151111527355025,0.061959907080809805,0.8571428571428571,0.2857142857142857
2026-04-14,33,7,0.5261677596997226,0.46674416104139127,0.059423598658331356,0.04604218712336937,-0.021774980563098185,0.06781716768646756,0.7142857142857143,0.14285714285714285
2026-05-12,33,7,0.5494243216978135,0.4957093265847236,0.053714995113089914,-0.007279294551565825,-0.04766434362231212,0.0403850490707463,0.7142857142857143,0.14285714285714285
2026-06-10,33,7,0.541871449961556,0.4872357406655419,0.05463570929601408,0.026797034336470578,0.027599792492893016,-0.0008027581564224381,0.7142857142857143,0.7142857142857143
2026-07-10,33,7,0.5191663827432638,0.49033904301019715,0.028827339733066615,0.08552667102781777,-0.003159490623070923,0.0886861616508887,0.7142857142857143,0.42857142857142855
2026-08-07,33,7,0.5397413057220978,0.47289259388811933,0.06684871183397845,-0.006164843572512061,0.009065927340187898,-0.015230770912699958,0.2857142857142857,0.42857142857142855
