sector,observations,securities,mean_probability,mean_forward_return,positive_rate
Communication Services,117,3,0.504988384046161,0.01946795029285494,0.5726495726495726
Consumer Discretionary,117,3,0.493291486294128,0.006619422683722613,0.5299145299145299
Consumer Staples,117,3,0.46543879839043384,0.009809434055431108,0.47863247863247865
Energy,117,3,0.49614154866584365,0.009257875786189449,0.5641025641025641
Financials,117,3,0.4906834068457602,0.022267618947267975,0.6153846153846154
Health Care,117,3,0.48895474772823744,0.013534844497916879,0.5470085470085471
Industrials,117,3,0.48651927465627115,0.01462347377192833,0.5384615384615384
Information Technology,117,3,0.5027968456231916,0.02509054123714023,0.5726495726495726
Materials,117,3,0.49810660615863545,0.014480245067284769,0.5982905982905983
Real Estate,117,3,0.5012936623418408,0.0017749595951371585,0.5128205128205128
Utilities,117,3,0.4795039081452225,0.006414622853250843,0.5128205128205128
