instrument_id,symbol,name,asset_class,currency,quantity,price,market_value,sector,issuer,maturity_date,credit_rating,underlying,option_type,base_currency,quote_currency
EQ_AAPL,AAPL,Apple Equity Example,Equity,USD,64.02345566679246,336.6300048828125,21552.216193726876,Technology,,,,,,,
ETF_SPY,SPY,Broad Equity ETF Example,ETF/Fund,USD,50.0,778.530029296875,38926.50146484375,,,,,,,,
BOND_CORP_01,CORP_BOND,Corporate Bond Example,Fixed Income,USD,100.0,94.12285818175012,9412.285818175013,,Example Corporation,2031-06-15,BBB,,,,
OPT_AAPL_CALL,AAPL_CALL,Apple Call Option Example,Option,USD,0.2135209812941001,128.9815229485288,2754.0261348777362,,,,,AAPL,Call,,
FUT_ES,ES,Equity Index Future Example,Future,USD,0.0738309803088162,7866.0,29037.724555457415,,,,,,,,
FX_EURUSD,EURUSD,EUR/USD FX Example,FX,USD,10000.0,1.1205737590789795,11205.737590789795,,,,,,,EUR,USD
CMD_GOLD,GOLD,Gold Exposure Example,Commodity,USD,4.257479326547307,4220.2998046875,17967.83917028867,,,,,,,,
CASH_USD,USD,US Dollar Cash,Cash/Money Market,USD,10000.0,1.0,10000.0,,,,,,,,
CRYPTO_BTC,BTC,Bitcoin Example,Crypto,USD,0.0652824018008145,82613.71875,5393.221981696983,,,,,,,,
REIT_SAMPLE,REIT,Real Estate / REIT Example,Real Estate/REIT,USD,100.0,90.6500015258789,9065.00015258789,,,,,,,,
