year,strategy,periods,cumulative_return,sharpe_ratio,maximum_drawdown,hit_rate
2023,Equal Weight Universe,6,0.030214173759121055,0.5248668316976528,-0.0352176624953251,0.3333333333333333
2023,Top Quintile Long,6,-0.025061715007899332,-0.1406845363080669,-0.08396155774119674,0.3333333333333333
2023,Bottom Quintile Long,6,0.0016130254077397765,0.0752815625335227,-0.013595212970535453,0.5
2023,Long Short,6,-0.014433834285848768,-0.36566506632037216,-0.038263649853305104,0.3333333333333333
2024,Equal Weight Universe,13,0.2481116131142056,2.1020154043393515,-0.050826865047718384,0.6923076923076923
2024,Top Quintile Long,13,0.3311520714667513,2.1816172001107654,-0.07208948033199591,0.6923076923076923
2024,Bottom Quintile Long,13,0.1022308520704942,0.7979079639503872,-0.054133617633977615,0.6153846153846154
2024,Long Short,13,0.08828656712910377,1.096456532232153,-0.04387215007689549,0.6153846153846154
2025,Equal Weight Universe,12,0.15674333773465654,1.8608994515821309,-0.04485105373222553,0.6666666666666666
2025,Top Quintile Long,12,0.22861261710249559,2.2103258067238083,-0.03723768581220965,0.6666666666666666
2025,Bottom Quintile Long,12,-0.03259345168262551,-0.2654647448644966,-0.08861767507385743,0.5
2025,Long Short,12,0.11664229326894837,2.3728151702425704,-0.021593763446287717,0.8333333333333334
2026,Equal Weight Universe,8,0.09816352500625647,1.8829592235599992,-0.021010761968251912,0.625
2026,Top Quintile Long,8,0.2815843051454461,2.748279423974241,-0.023896403088843776,0.625
2026,Bottom Quintile Long,8,-0.004836424304320408,-0.02602799009191757,-0.07950906209817443,0.5
2026,Long Short,8,0.1295952915927494,2.828743136595272,-0.008186814027778433,0.625
