,strategy_return,market_factor,size_factor,value_factor,momentum_factor,quality_factor,low_vol_factor,rates_factor,credit_factor,gold_factor,dollar_factor
strategy_return,1.0,0.13422558562722822,0.08717345150955387,0.19174848910161796,0.08513287794643325,-0.0007347070979631543,-0.08853267222557705,0.14500673580309237,-0.038194422134409094,0.22049044236789603,-0.2679319171797507
market_factor,0.13422558562722822,1.0,0.3810523719014901,-0.40479343865302253,0.36354271427343143,-0.3947808017682803,-0.7495382490144628,0.24045457522359107,0.380199002167232,-0.0514034562654543,-0.08570850319500707
size_factor,0.08717345150955387,0.3810523719014901,1.0,0.3325862742186782,0.06956869613668944,0.1315122671771646,-0.14256863006556997,0.39929199857472536,-0.013313842804892829,0.08279921343382798,-0.20310232819610777
value_factor,0.19174848910161796,-0.40479343865302253,0.3325862742186782,1.0,-0.4036921184429518,0.46428870628566205,0.7248443719758615,0.2905905459138318,-0.44965721846677065,0.13571354067316477,-0.21962337763150086
momentum_factor,0.08513287794643325,0.36354271427343143,0.06956869613668944,-0.4036921184429518,1.0,-0.11795863271359311,-0.4752678593054201,-0.16349014187017308,0.3817287880257548,-0.1528632025587651,0.03422237633835945
quality_factor,-0.0007347070979631543,-0.3947808017682803,0.1315122671771646,0.46428870628566205,-0.11795863271359311,1.0,0.5402827321897813,0.10154407702355923,-0.2648087141206943,-0.0453244353356614,0.007105515018651598
low_vol_factor,-0.08853267222557705,-0.7495382490144628,-0.14256863006556997,0.7248443719758615,-0.4752678593054201,0.5402827321897813,1.0,0.2105317983808218,-0.6054228814198344,0.057071964734429964,-0.07615702763716392
rates_factor,0.14500673580309237,0.24045457522359107,0.39929199857472536,0.2905905459138318,-0.16349014187017308,0.10154407702355923,0.2105317983808218,1.0,-0.6653415081927223,0.11296448396272354,-0.5867420821873719
credit_factor,-0.038194422134409094,0.380199002167232,-0.013313842804892829,-0.44965721846677065,0.3817287880257548,-0.2648087141206943,-0.6054228814198344,-0.6653415081927223,1.0,-0.23093324868491,0.38684892974868706
gold_factor,0.22049044236789603,-0.0514034562654543,0.08279921343382798,0.13571354067316477,-0.1528632025587651,-0.0453244353356614,0.057071964734429964,0.11296448396272354,-0.23093324868491,1.0,-0.20742516883246773
dollar_factor,-0.2679319171797507,-0.08570850319500707,-0.20310232819610777,-0.21962337763150086,0.03422237633835945,0.007105515018651598,-0.07615702763716392,-0.5867420821873719,0.38684892974868706,-0.20742516883246773,1.0
