ticker,sector,tests,positive_rate,mean_forward_return,Majority Benchmark,20-Day Momentum Rule,Logistic Regression,Decision Tree,Random Forest
AAPL,Information Technology,40,0.675,0.015247862804391226,0.5,0.5441595441595442,0.5256410256410257,0.4145299145299145,0.5284900284900285
AMT,Real Estate,40,0.475,-0.0011282210708875363,0.4122807017543859,0.5488721804511278,0.5676691729323309,0.5701754385964912,0.5726817042606516
AMZN,Consumer Discretionary,40,0.65,0.0196130464130522,0.5,0.4697802197802198,0.4368131868131868,0.45054945054945056,0.5631868131868132
APD,Materials,40,0.475,3.840208263858891e-05,0.4573934837092732,0.32456140350877194,0.5939849624060151,0.5200501253132832,0.5726817042606516
BLK,Financials,40,0.625,0.011304649384900506,0.5866666666666667,0.43333333333333335,0.6266666666666667,0.54,0.5666666666666667
CAT,Industrials,40,0.65,0.03272396400744802,0.4807692307692308,0.5604395604395604,0.5576923076923077,0.4065934065934066,0.5412087912087912
COP,Energy,40,0.525,0.004650338017754793,0.5,0.4724310776942356,0.5388471177944862,0.47744360902255634,0.5225563909774436
CVX,Energy,40,0.575,0.00830254345626181,0.5,0.40792838874680304,0.4603580562659847,0.6278772378516624,0.5767263427109974
DIS,Communication Services,40,0.475,0.007098751981183177,0.5,0.5488721804511278,0.5225563909774436,0.4699248120300752,0.38596491228070173
DUK,Utilities,40,0.5,0.005527853908344158,0.5,0.42500000000000004,0.55,0.575,0.6
GOOGL,Communication Services,40,0.6,0.029368667156212502,0.4791666666666667,0.4791666666666667,0.4166666666666667,0.5520833333333333,0.59375
GS,Financials,40,0.625,0.02655231541101452,0.5333333333333333,0.43333333333333335,0.47333333333333333,0.52,0.5666666666666667
HD,Consumer Discretionary,40,0.475,-0.0014222789055405472,0.4348370927318296,0.474937343358396,0.4298245614035088,0.606516290726817,0.5275689223057645
HON,Industrials,40,0.5,0.0029667413283989722,0.45,0.35,0.5,0.425,0.475
JNJ,Health Care,40,0.475,0.011718135766465248,0.56265664160401,0.525062656641604,0.525062656641604,0.40100250626566414,0.5012531328320802
JPM,Financials,40,0.6,0.020476177000479545,0.4375,0.4479166666666667,0.5833333333333333,0.6041666666666666,0.4375
KO,Consumer Staples,40,0.525,0.009064490579602675,0.4523809523809524,0.4724310776942356,0.575187969924812,0.48245614035087714,0.5087719298245614
LIN,Materials,40,0.55,0.005534984375836488,0.5,0.5176767676767677,0.5,0.5176767676767677,0.4797979797979798
LLY,Health Care,40,0.6,0.02783860868798137,0.5,0.6041666666666667,0.35416666666666663,0.40625,0.3645833333333333
MCD,Consumer Discretionary,40,0.475,-0.0046852506125489414,0.5100250626566416,0.575187969924812,0.40601503759398494,0.4724310776942356,0.424812030075188
META,Communication Services,40,0.625,0.02608039747403823,0.5,0.52,0.49333333333333335,0.5533333333333333,0.5066666666666666
MSFT,Information Technology,40,0.575,0.012176923741999121,0.4782608695652174,0.5396419437340154,0.4961636828644501,0.5754475703324808,0.4437340153452686
NEE,Utilities,40,0.475,0.003217628506385464,0.31954887218045114,0.575187969924812,0.6679197994987469,0.5200501253132832,0.5676691729323309
NEM,Materials,40,0.6,0.02984772089513312,0.4583333333333333,0.5,0.375,0.5208333333333333,0.5
NVDA,Information Technology,40,0.6,0.046804364615722405,0.5,0.53125,0.5104166666666667,0.5833333333333333,0.4375
O,Real Estate,40,0.45,-0.002549932480017697,0.4318181818181818,0.4217171717171717,0.5757575757575758,0.48484848484848486,0.49747474747474746
PG,Consumer Staples,40,0.45,-0.0009723842967821417,0.4722222222222222,0.3207070707070707,0.5454545454545454,0.4772727272727273,0.5732323232323233
PLD,Real Estate,40,0.575,0.0025654383462892505,0.3951406649616368,0.6125319693094629,0.6508951406649617,0.5255754475703325,0.5115089514066496
SO,Utilities,40,0.5,0.004701705778020657,0.5,0.42500000000000004,0.47500000000000003,0.55,0.5
UNH,Health Care,40,0.45,-0.003103639434908706,0.3106060606060606,0.4722222222222222,0.5101010101010102,0.6843434343434344,0.6616161616161615
UNP,Industrials,40,0.525,0.007405836890446249,0.47368421052631576,0.4223057644110275,0.5989974937343359,0.6040100250626567,0.5513784461152882
WMT,Consumer Staples,40,0.6,0.0188089186722746,0.5,0.4479166666666667,0.45833333333333337,0.47916666666666663,0.4791666666666667
XOM,Energy,40,0.525,0.012871925466032793,0.5,0.4724310776942356,0.4799498746867168,0.474937343358396,0.5225563909774436
