date,strategy_return,market_factor,size_factor,value_factor,momentum_factor,quality_factor,low_vol_factor,rates_factor,credit_factor,gold_factor,dollar_factor,factor_model_fitted_return,factor_model_residual_return,cumulative_strategy_return,cumulative_factor_fitted_return,cumulative_residual_return
2023-07-27,-0.0091906356430751,-0.03447596570032596,-0.020701497441793615,-0.006278936178831018,0.015319468284367255,0.00874059628031476,0.015475233603420624,-0.014190306053611823,0.011038578018691902,-0.014244496682807584,0.026940786555751828,-0.004111788271547941,-0.005078847371527158,-0.009190635643075096,-0.0041117882715479,-0.005078847371527195
2023-08-24,-0.0129841698197852,-0.011334100361371502,-0.02441511490693038,0.001756394555603169,-0.002225025405128256,-0.0076075290716947075,0.014855671921809255,-0.011133464158124218,0.011761419480988078,0.004329429222643455,0.019330363422218166,-0.0026708017733436413,-0.010313368046441559,-0.02205547268891883,-0.006771608273484331,-0.015339835395774548
2023-09-22,-0.0271013616054523,-0.021444309741338152,-0.032038766612548564,-0.029960583710683553,0.007713424863578289,0.01681310488996024,-0.0056028102760482534,-0.029596850907127603,0.006726905627399082,0.027824439349259045,0.010497807751756572,-0.0011086555161707772,-0.025992706089281524,-0.04855910095364957,-0.007872756408789372,-0.04093381765215576
2023-10-20,0.036105988824165,0.07027706324886851,0.0009197876538165062,-0.039052558766644374,0.01590485461998159,-0.006308142359538582,-0.027884108353986692,0.03708393606547333,0.007986424220449484,0.000435763563650049,-0.018096560754592872,0.012900619980329401,0.023205368843835596,-0.014206386485828504,0.004926300132912509,-0.01867833314512468
2023-11-17,0.0041725146022673,0.05122910844860651,0.05432952775161981,0.010637366025449957,-0.009623516287698086,0.001959221363172059,-0.010025205140741456,0.04096224146714955,-0.0015993246000856054,0.022758251082059644,-0.007312436231473707,0.008535068488468144,-0.004362553886200844,-0.010093148238618732,0.013503414930409852,-0.022959401796475598
2023-12-18,-0.0083667492593953,0.00957687862722989,-0.039059035284461086,-0.02476104299410775,0.02408685722462689,0.0031874564200475852,0.008500329469093293,-0.008874558157533907,0.00965383362721528,-0.002555288638444897,0.014630584030492777,-0.002583652309203801,-0.005783096950191499,-0.0183754506574636,0.010884874492038898,-0.02860972230015968
2024-01-18,0.015051516318524,0.053558333527902624,0.019054398458218103,-0.023248779867001135,0.05841475174881494,0.01041739859036439,-0.030081310270509753,-0.00578413442115977,0.012069868544718254,-0.009126282220419779,0.012256670409431791,0.007232036125481023,0.007819480193042978,-0.0036005127343705645,0.01819563042306771,-0.021013955263971318
2024-02-15,0.018248659564772,0.01873284297014899,-0.02866241804725611,0.020947675310706737,0.0001897134155297575,0.0022582862062971998,0.0003619399844558835,-0.002674804659318686,0.007458756384275733,0.07567598176572288,-0.0035612366715167543,0.024244315406809314,-0.005995655842037314,0.014582442299253318,0.04288108643287947,-0.026883618662365882
2024-03-15,0.0431681469464659,-0.010552542400038445,-0.01974654405513987,-0.006250294970051251,0.0017704618780370884,-0.007713222775753259,-0.012102314947827875,-0.01774467594123552,0.007984746381223928,0.10635416113528251,0.03252316449541781,0.011201439665931026,0.03196670728053488,0.05838008625773172,0.054562856001297844,0.004223707849747793
2024-04-15,-0.0023779907154003,0.032629485977425876,0.013136045234265925,0.005513546056931107,-0.016587978050181862,-0.0031042259196618627,0.004004710491468666,0.012704737577009961,0.005143402380239248,-0.021226533180287332,-0.005538236796603813,-0.0019602230606945124,-0.0004177676547057877,0.055863268239246144,0.052495677572012234,0.0038041756665194715
2024-05-13,0.0151018710360518,0.03079227570916032,-0.048081952825376306,-0.0673989154865654,0.008501635123431717,0.010761335985056908,-0.0271649452435041,0.009805906308512524,-0.0027902379978606007,-0.009756777323347565,0.005221070499197289,0.004920513670084913,0.010181357365966887,0.0718087791478994,0.05767449694121063,0.014024264704429967
2024-06-11,-0.005684824631209,0.03971557918967461,0.010324172932873577,-0.03405238922815057,0.00244493613506247,-0.017323982356012957,-0.014266197327875707,0.019297109955658698,-0.00462679862275972,0.042493608979108144,-0.0031163143987688047,-0.00455927828480201,-0.0011255463464069897,0.06571573420025345,0.05285226457491765,0.012882933398123964
2024-07-11,0.0101452998395831,-0.04641690016430944,0.028427595019717256,0.08689557973037243,-0.033838755023538725,0.012842899419925224,0.06500067559581091,0.019107838632826057,-0.011288141848572408,0.0034042307137107652,-0.006599539437127988,0.00041297217927454915,0.00973232766030855,0.07652773986747641,0.053287063269073176,0.02274064198748893
2024-08-08,-0.0292703850875948,0.01829848175221427,-0.013416760345404954,0.016836329725994137,-0.0005732946651215709,0.002150957456118485,0.013110247682725396,0.02475040325601774,-0.004990513820105402,0.0295522991755377,-0.014685273654806208,0.01531331905067459,-0.04458370413826939,0.045017358364077165,0.0694163841208606,-0.02285692420506502
2024-09-06,0.0308866304205326,0.06361956139349334,-0.005909984872491947,-0.040252522916292444,0.03406679952423519,-0.01032627979690326,-0.03912144240558546,-0.016348176861744057,0.027069405327357354,0.06230756975654206,0.017388193673269603,0.00895138750826909,0.02193524291226351,0.07729442329490976,0.07898914458281836,-0.0014230534774668513
2024-10-04,0.0101695724842491,-0.003385699590461866,0.002609946265088703,-0.015358671883504482,-0.006724240282277694,-0.00844405250376723,-0.009018298901943278,-0.026015677943946103,0.020300018562306565,0.03048980090082898,0.02267167410520088,-0.00709124723821463,0.017260819722463728,0.08825004701948447,0.07133776579123197,0.015813203175466972
2024-11-01,-0.03079043165839,0.05707127922947053,0.04691084644791954,-0.008583198632199363,0.007827064454076993,-0.006870752341989084,-0.010500055350584736,0.0161417104228887,-0.00013070322102270993,-0.03576662072973602,0.024215664464445785,-0.012719959734276115,-0.018070471924113884,0.05474235831949126,0.057710392548558254,-0.002543020792659556
2024-12-02,-0.0147952298266516,-0.02580629143697133,-0.05747775249198872,-0.0634367176841717,-0.007487236645533191,-0.013809820316478816,-0.02688671811608112,-0.022501858148791798,0.015060056891934348,-0.005381192677686775,0.02389925682819727,-0.0019300961024634584,-0.01286513372418814,0.0391372027202499,0.05566890984236528,-0.015375438214286774
2024-12-31,0.019099088022553,0.02685645585594032,-0.0018746495803130259,0.026178448921587494,0.0321519104061021,0.002793268674870397,0.008733021415348485,0.006165702560863462,0.007438803580686715,0.06785607873643396,0.0030591687130741008,0.01878333219163995,0.00031575583091305107,0.05898377562251356,0.0754978896603209,-0.015064537267642786
2025-01-31,0.0330239636144279,-0.02999242418131831,-0.04816016006267987,0.05415465928642815,0.008178965605435518,0.006759477326668373,0.05685484233093141,0.03172857503596638,-0.024127295824467376,0.031636729397506835,-0.013554697742920174,0.01954685243773729,0.01347711117669061,0.09395561729694091,0.09652048820660908,-0.001790452534533471
2025-03-03,0.0162721502026537,-0.03888037450768678,-0.003472052635529299,0.0425911758058668,-0.015691154421353715,-0.004799790133772852,0.0343005299846717,-0.00020970237150841342,-0.008585263051374858,0.08022803178203253,-0.019580902618118623,0.0065414253508693666,0.009730724851784332,0.1117566274166335,0.1036932951259113,0.00792284991627712
2025-03-31,0.0090709020556888,-0.009063388816285545,-0.007980235816982373,-0.04795766996302331,0.04458496204244533,-0.0026400917472877428,-0.010155003389570205,0.008983100314917447,-0.002461510886125007,0.062191927532247115,-0.043097438411027866,0.004739883200040391,0.004331018855648409,0.12184126289369268,0.10892467243347603,0.012288182784303547
2025-04-29,-0.0224509063034305,0.060271949500497524,-0.01223277581750759,-0.05475250942302878,0.03915000397152646,-0.015864423722797172,-0.05167193596692954,-0.017859121652790355,0.027566157469550268,-0.007351499764582048,0.010984981418804107,0.00712266410493707,-0.02957357040836757,0.09665490981314417,0.11682317039289702,-0.017648793062826518
2025-05-28,0.0167512452159899,0.044150976621389226,0.00692022926218594,-0.022307662976950304,-0.011576362517910832,-0.01935702137255868,-0.04010296515819656,0.021880045416097227,-0.004474899691277567,0.009775850842862255,-0.023180071413971937,0.01512562153174323,0.0016256236842466711,0.11502524512474355,0.1337158149861415,-0.016051859674581115
2025-06-26,-0.0028633352829175,0.041234191706207346,0.00040730261104293675,-0.016673061853324178,-0.023691235460382654,-0.005086153991576303,-0.02451358946102622,-0.006266244558818523,0.012362832532193058,0.002020976333706681,0.008157271402772004,0.0023324957442337315,-0.0051958310271512315,0.11183255399903413,0.13636020229976697,-0.02116428795119174
2025-07-25,0.0030032223172383,0.012886615456830564,0.033686196386518485,0.0012813257957307034,-0.0030642891859240518,0.0003831016027298073,-0.009809663455104811,0.014173792148944875,-0.0046270721446202145,0.010344803965260052,0.005148929835674831,0.0014686573487745008,0.0015345649684637994,0.11517163433823607,0.13802912606172946,-0.019662200957600406
2025-08-22,0.0209165814021701,0.036228673169339976,0.0074335582507418785,-0.0545599548381861,0.02386625520212471,-0.010427827186243466,-0.03872763529195333,0.010609842055474994,-9.91397042415798e-06,0.11098590608214431,0.0,0.007835380011407505,0.013081201390762595,0.13849721260526282,0.14694601672847307,-0.0068382047773497545
2025-09-22,-0.0002063686284861,0.006688288985745361,0.008737890878670607,0.01202228966313923,-0.020154087138923193,0.0027554264985756305,0.0005504675113670032,0.013974592639745875,-0.014695796544404227,0.1683814176465812,0.017929011746018908,0.013460807789924477,-0.013667176418410577,0.13826226249696227,0.16238483660507463,-0.020411922244683023
2025-10-20,0.0038742621284774,-0.008386769603975108,-0.053669996177548196,0.0017037783418889507,-0.034332111835378654,-0.008432437421275751,-0.0012307250690184457,-0.006829283612737935,0.002112063222172389,-0.07813469050451771,0.012940366938327008,0.005985202481258177,-0.0021109403527807768,0.14267218887282906,0.16934194521330004,-0.022479774247119666
2025-11-17,0.0127234403198222,0.01982969673198931,0.05740872396485619,0.030166577708726328,0.0008027626980786629,0.013855235589802728,-0.015794054062834073,0.002858766092130871,0.008943085751902835,0.06522271263296364,-0.009936152383128283,0.01709175232068908,-0.00436831200086688,0.1572109102730732,0.18932804811907844,-0.026749887580366005
2025-12-16,0.0134280638078348,0.02270760819197659,0.03975745547981768,0.04532719639106486,0.015643575884504157,0.004034400440849462,-0.01331576460317141,0.0007508846298278637,0.008721521982567149,0.0693121091932456,0.01673130516651522,0.0240734207063971,-0.0106453568985623,0.1727500122153427,0.21795924257936705,-0.0371104823786389
2026-01-15,0.0120850611387845,-0.015153778367960724,0.005549548414950811,0.0705036597076576,-0.007123686426811826,0.006602987418100392,0.032176340530213565,0.01274305342700166,-0.010156328157813643,0.09281177755220216,-0.02223844708585221,0.024030033139920897,-0.011944972001136396,0.1869227678134755,0.24722684354162205,-0.048612170706813784
2026-02-13,-0.0068950181689344,-0.018657747962145366,-0.03473437293407933,-0.023664528364159776,-3.159703079036458e-05,-0.004985521264380233,0.012939866300397673,-0.00938053247133741,-0.0031154993892149596,-0.004733912205527324,0.03392989775416444,-0.012877289691274878,0.005982271522340478,0.17873891376427964,0.23116594216660213,-0.04292071038893175
2026-03-16,0.0298370963975477,0.04084499738701175,0.04061895863034537,0.0022641004174794865,0.05556593859502912,-0.006707670913206121,-0.05741230182448187,0.0009292556630406956,0.017200697820486166,-0.03331667480813427,-0.014785425682666387,0.02986902064664722,-3.192424909952141e-05,0.21390906036180501,0.2679396631126252,-0.04295126442658126
2026-04-14,0.0326228695575194,0.06295538326129413,-0.01141470761404384,-0.02918999762276675,0.058784671824468004,-0.027928173311535964,-0.054201214306890844,-0.012100892032720467,0.009473989429728102,-0.027320325691791325,0.004758457890461143,0.01651686830769385,0.016106001249825547,0.2535102572926793,0.2888820555503582,-0.027537036295291806
2026-05-12,0.0187639531068016,-0.0172722016138106,0.015431803507783837,0.03406940184179297,0.022812585664054308,0.026493178646667226,0.024997929811556463,-0.0033414687470352256,0.0034262412635113204,-0.13477931095250684,0.021857867302180756,-0.005076384877747013,0.023840337984548612,0.2770310649794139,0.28233919417436293,-0.004353190563115672
2026-06-10,-0.0018299505067826,0.04337417516444697,0.008545364370503572,0.016115758859650553,0.013051940280220942,-0.006866585189603036,-0.013482312699205412,0.002656857459651052,0.0050129367475488795,0.00648732788848716,0.012121217890753933,0.012759967941980628,-0.014589918448763228,0.2746941613348777,0.2987018011827729,-0.0188795963165711
2026-07-10,0.0427716522540157,0.024253265925688217,-0.005434989549678804,0.038184819771919676,-0.06294542642488299,0.003057932333115021,0.005002065509431164,-0.0014968779156450118,0.005091120017894912,0.05692154292778362,-0.011271563990976952,0.014545081118225242,0.028226571135790454,0.3292149367337174,0.31759152422936165,0.008814068550774712
2026-08-07,-0.0087582425992071,-0.009440555290475938,-0.01340726279631721,0.004798977651041647,0.007403760915955071,-0.012270677728577706,0.0024836169367198346,-0.007286479650403299,0.006578084279644569,0.003136999011646102,-0.0028500151256077855,0.004877390251733183,-0.013635632850940282,0.3175733498513138,0.3240179322854042,-0.004941749702846998
