sector,securities,tests,Majority Benchmark,20-Day Momentum Rule,Logistic Regression,Decision Tree,Random Forest
Communication Services,3,120,0.5548642533936652,0.5248868778280543,0.4858597285067873,0.5288461538461539,0.5113122171945701
Consumer Discretionary,3,120,0.5245535714285714,0.5212053571428572,0.4386160714285714,0.5200892857142857,0.5189732142857143
Consumer Staples,3,120,0.5012531328320802,0.4223057644110275,0.5267335004177109,0.47744360902255634,0.5267335004177109
Energy,3,120,0.5,0.45244755244755247,0.49020979020979016,0.5265734265734265,0.5391608391608391
Financials,3,120,0.5167450058754407,0.4386016451233843,0.5599294947121034,0.5558166862514688,0.5205640423031728
Health Care,3,120,0.49930536260072245,0.5411225340372325,0.4656849124756877,0.49902750764101134,0.5151430953042512
Industrials,3,120,0.5202759785975781,0.4498732751337651,0.5551957195156294,0.48254012954097436,0.5347789355111237
Information Technology,3,120,0.49324324324324326,0.5417156286721504,0.5117508813160987,0.5214453584018801,0.4603407755581669
Materials,3,120,0.4937062937062937,0.45244755244755247,0.5006993006993007,0.5251748251748252,0.5258741258741259
Real Estate,3,120,0.425,0.5333333333333334,0.6,0.5333333333333333,0.5333333333333333
Utilities,3,120,0.44526257293692695,0.4752709085857183,0.5643234231731036,0.5470964156710197,0.5555709919422062
