date,rolling_window,beta_market_factor,corr_market_factor,beta_size_factor,corr_size_factor,beta_value_factor,corr_value_factor,beta_momentum_factor,corr_momentum_factor,beta_quality_factor,corr_quality_factor,beta_low_vol_factor,corr_low_vol_factor,beta_rates_factor,corr_rates_factor,beta_credit_factor,corr_credit_factor,beta_gold_factor,corr_gold_factor,beta_dollar_factor,corr_dollar_factor
2024-06-11,12,0.27594874433007566,0.44067526014441943,0.07203328368139089,0.10288157879715758,-0.047679180456257096,-0.057607499313816576,0.1332639166925304,0.12380284725082295,-0.5832316548279074,-0.27652842816611256,-0.7499277628234561,-0.5851939407182968,0.30565427146586294,0.3227622330722088,0.02326465462532443,0.006506633155415336,0.22076547320521647,0.41787543030627683,-0.1666520595842908,-0.12170067751911216
2024-07-11,12,0.1670125439464666,0.28896699792327774,0.05828872753424822,0.09016618039429829,0.00856089519819363,0.016502815092395526,0.09189976933021608,0.10310598448824901,-0.40020427738393355,-0.20160069030217362,-0.21307820514686227,-0.27278214278474866,0.2681735611421463,0.2876159606760533,0.06790956150256197,0.024764359353984907,0.19644328335840233,0.37109585545068663,-0.060628910842450326,-0.04250388202567586
2024-08-08,12,0.13469290581813295,0.2051179563727077,0.05259847187341258,0.07319012536388088,-0.0320068865848502,-0.05716680056361341,0.10209874249906399,0.10435243107283775,-0.6205481894855793,-0.2740851040098265,-0.24606044937450272,-0.2863297208961714,0.07584576053548507,0.07426499811545716,0.844545124853524,0.2807315972229262,0.15925052683722812,0.2727476971973254,0.36387520746037916,0.23441252424055736
2024-09-06,12,0.0811794156666418,0.13023480901247464,-0.05370131445477552,-0.0771871124020282,-0.11793903177025201,-0.23031676643580748,0.19885249171164043,0.23342711112615736,-0.3788050113759588,-0.16934921403254857,-0.3090278731752774,-0.41755942212136143,-0.35605671966709274,-0.34300698168893623,1.0102645253630609,0.5003052002775346,0.20520244838415772,0.39539099512612724,0.6173617007635036,0.44375587723804377
2024-10-04,12,-0.024726784683504997,-0.04065071945061089,-0.062251601765065785,-0.09723958985612528,-0.07396851817480442,-0.1525409180423902,0.1552282771190922,0.19895164245095895,-0.20267772616685245,-0.10001333056640457,-0.2527667676019235,-0.35965266352691494,-0.5296933854821696,-0.563751054351442,0.7877689597733892,0.46425631661141,0.2548010510084065,0.5230260121384958,0.904196165599159,0.6895966170471169
2024-11-01,12,-0.1374422905807644,-0.19716107161221924,-0.2614917715392082,-0.3355512690286253,-0.06796674062404114,-0.11911646348928981,0.14249682802646588,0.15369970762948074,0.04844251885956201,0.020835519761598656,-0.22505377606728094,-0.27467098853525856,-0.8605309754295191,-0.664712528848306,0.939456688181,0.4715096579856078,0.32130255571268623,0.62535099401127,0.5689234036612348,0.38122064029236447
2024-12-02,12,-0.05637872437188763,-0.08626274244378296,-0.16337820410487228,-0.223872872165546,-0.01264378709425084,-0.023444043458370797,0.23170116496509965,0.24128534992323686,0.32092735690278923,0.1434144517924558,-0.14325099052543755,-0.17400414392913502,-0.6580633968100273,-0.5335401932372148,0.7979068769938432,0.40292686589954385,0.3296085349101657,0.6312548166416654,0.4379771309879106,0.2995915790281794
2024-12-31,12,-0.08126457855305945,-0.11751841225796049,-0.19252309499335682,-0.25420123909453296,0.019226361436831582,0.03625419821614993,0.32968556543457683,0.27056122714922987,0.31346443679832164,0.12968162563883523,-0.09399704684439869,-0.11045962429848638,-0.6254264916429758,-0.5007724594668197,0.7911581367189778,0.39089819969302786,0.36494857754115884,0.7026528913989791,0.39300176085768806,0.2671701804714481
2025-01-31,12,-0.16066691609839556,-0.23909012358153753,-0.24764696457182214,-0.3301463970043487,0.0727422902859816,0.1395201719374802,0.3755696164577983,0.2947721293074699,0.4840834623539795,0.19714483882409087,0.07319801952266536,0.09817415407110917,-0.3246909408914553,-0.272566880013434,0.13194707903729125,0.07788135850621097,0.3854784982816532,0.6661578557758888,0.20231421650769388,0.13878710783551787
2025-03-03,12,-0.12181640291641727,-0.218410998396156,-0.20385145370574279,-0.3035164637149029,0.09309393642146728,0.2090807367699722,0.30242114015374605,0.2772035474291288,0.6616416241129723,0.2997974580019834,0.1432063265501584,0.22334324660541421,-0.1579484681722906,-0.14023150303054707,-0.02072850015907812,-0.014018074181624617,0.31229811351623793,0.5448648187828489,-0.2552836135751722,-0.19152673769630257
2025-03-31,12,-0.11770323229246528,-0.2099925859116025,-0.1983002203261942,-0.290557384783896,0.08070001118936218,0.18920818477648277,0.23709331253289037,0.24928297579427258,0.6562431025877984,0.2982906366517592,0.13591556154772066,0.2144482465119525,-0.14384615042525256,-0.12755449933179355,-0.015282171815282946,-0.01036550501683592,0.3210109596359601,0.5430153341166172,-0.20177749061432207,-0.19739464814321825
2025-04-29,12,-0.19405653960077596,-0.3505750736607012,-0.16634883043657905,-0.2118251548834177,0.16597436252111497,0.35884252836664166,0.0690766830490439,0.07496000176964715,0.857489849315604,0.3599958242866649,0.2390014440219246,0.3862580457267264,-0.005018358527762354,-0.004475882201749567,-0.22292888817451978,-0.16181585215863942,0.42848078400611633,0.6825453239534655,-0.27093912455907343,-0.2537792388490185
2025-05-28,12,-0.15030157628949198,-0.2709860568970372,-0.13341686174775622,-0.16729841302986617,0.14817419402901083,0.3134318424210767,0.018599742743064477,0.02052662490824503,0.5059448117270069,0.21625869271962145,0.17408847465653537,0.2920705156912563,0.08185818573807782,0.07300470255703274,-0.2852844228518646,-0.20493295857375332,0.41326670039934543,0.6558131320135548,-0.3074224782042501,-0.299560850529765
2025-06-26,12,-0.16320284231556803,-0.270688615384037,-0.1908801679132558,-0.22276310790188983,0.19207547183098936,0.32891300777758103,0.10008987884547257,0.10427160837780064,0.5723759812595233,0.20011027825128333,0.2126108663647289,0.30230095976528104,0.07319930480747776,0.06392736904228748,-0.2844623664700871,-0.19777285515219142,0.43396318915451654,0.6906051739299938,-0.308197273051108,-0.30186044260140105
2025-07-25,12,-0.159477141365349,-0.29614305910380906,-0.19272198660763995,-0.27553067881603677,0.2592438330465807,0.487021334464707,0.053109979027170594,0.06217557816117385,1.019461793909567,0.39089309382959436,0.2919864740471294,0.45424114274255445,0.2800170361088557,0.26099211147424867,-0.41064424317491044,-0.31906682059314473,0.4349238523838814,0.7814488157195068,-0.421164786991627,-0.4525012021564836
2025-08-22,12,-0.2495531001178839,-0.4555948678272559,-0.16485653329230895,-0.2489267084427292,0.24681215323935107,0.5019521801305559,-0.01748767060382467,-0.02071598748106814,1.0748868860932452,0.43296553304699736,0.320061004448194,0.5222007052178508,0.4682292645212413,0.44253328841600614,-0.8024275720367972,-0.5907056840612374,0.3317259012499443,0.7402146752065392,-0.536225586510446,-0.588092215699188
2025-09-22,12,-0.2437758167880877,-0.4413881581036688,-0.17179320444768031,-0.2612341233728517,0.23332049230243707,0.4833787929209616,0.01639482035172058,0.020361862816508057,0.9356560723540985,0.39721889712509617,0.3122661054322116,0.5127988732551844,0.6647146343994732,0.5491022375915477,-0.8464779445789359,-0.6133936803510355,0.1614441477008488,0.4943666406953436,-0.6052195624182942,-0.6513218351951285
2025-10-20,12,-0.1350328172004374,-0.2792601926945642,0.04613496223048056,0.08246097820034717,0.23443822862075803,0.5933419351760385,0.03673077800839474,0.06179579617675859,0.8693577688438149,0.45096834853237705,0.30441563767493024,0.6097212086304253,0.8016241063718169,0.8108454823759925,-0.8551402862385604,-0.7543124456235099,0.0772661060869818,0.317454312088458,-0.45757251269946125,-0.569994796714541
2025-11-17,12,-0.2312215033820395,-0.4975523167289739,-0.0470733000356667,-0.09992700713063192,0.19104810599233873,0.5038735492428708,0.004411509348107454,0.008149573100765752,0.5213073052713769,0.34626649562798784,0.26910940653369747,0.5878576495226671,0.7886004789955613,0.7482904240690793,-0.7252312718128759,-0.682754666718981,0.05895115723826544,0.26333153271936965,-0.3815276847301102,-0.4822666867647801
2025-12-16,12,-0.24275800938140873,-0.5300511594471145,-0.02316906350706441,-0.05380812026010669,0.17076994969059142,0.47985774455279434,-0.03033705509319932,-0.054429260874701936,0.48375226899139806,0.33032205037821405,0.2570827840536144,0.5649970997581281,0.7647976648858523,0.7456010867323644,-0.7359077468824632,-0.7099531307988487,0.05591799405005255,0.25483908384009374,-0.3392864230301425,-0.45947515247011317
2026-01-15,12,-0.1640373203746263,-0.4018408291739459,0.12221612911215794,0.29328646842776046,0.09618034618392955,0.33942454383928605,-0.060515183466338954,-0.1290373229652821,0.27413608417962293,0.22172526367677145,0.14966589699817323,0.3350905216893458,0.6613245224166896,0.6330593500531859,-0.59319318878151,-0.588190153798372,0.06587099137231951,0.36387406112413295,-0.2774589830777707,-0.45975514906503395
2026-02-13,12,-0.06846543122147129,-0.14774781753572852,0.16313839739039437,0.4168369714922556,0.09390875875497628,0.31187598500390584,-0.03384402295433108,-0.06935710378362002,0.3122838366562468,0.24805335309874815,0.05466210163659181,0.10734194589522147,0.732157868262407,0.7276172447982346,-0.5119103988224843,-0.4848513840707882,0.06995177989905263,0.38456828617834565,-0.2791078152481975,-0.5026018953676039
2026-03-16,12,0.018338288733735147,0.033425720757356156,0.22626631596220542,0.5188686248498657,0.12364798425437111,0.33128487481394997,0.11913543503914999,0.22535839623921222,0.22838446589464376,0.1564100304734337,-0.0888472136271367,-0.1698279496796028,0.6921775129966494,0.5855463561999603,-0.22116971596959956,-0.1914711328905823,0.02971921157613102,0.14655853157970833,-0.497635804451078,-0.6244769862796189
2026-04-14,12,0.32585407948729606,0.6742660265899527,0.12779554320112096,0.32715439346456027,-0.0397889059379732,-0.11049147995149013,0.35226083433752,0.8266936107690411,-0.4899958787191884,-0.44813245643610916,-0.3301630525461528,-0.7136135870590676,0.02198377357459699,0.01930659741616971,0.5764539304667173,0.4466166903364778,-0.021077895385311685,-0.1184245708310199,-0.4142208008319748,-0.5755765472492084
2026-05-12,12,0.2523577855542419,0.5372279645687477,0.13258806949995267,0.33752196206651663,-0.011974132626141462,-0.03330218330359428,0.3764957489386574,0.87581902919172,-0.1975942413579306,-0.21226220376156368,-0.2474716577158161,-0.5610554734346658,-0.12066783064345779,-0.09074569275608786,0.6467989603452432,0.4871216304527438,-0.028144307739077466,-0.19048381186861704,-0.38210213498411477,-0.489930459825617
2026-06-10,12,0.24850465712975922,0.5372964849626917,0.1230407313484705,0.3146880175673042,-0.048047719235917004,-0.1321735971959267,0.36121055861507495,0.7987007023786177,-0.18628277271585728,-0.20268625266062842,-0.2703243402296174,-0.6122745063342138,-0.2677282906945876,-0.19611430680287542,0.8378970301104859,0.6046066215804707,-0.02917819321059131,-0.19894380596666975,-0.39576417154438426,-0.5143257943494233
2026-07-10,12,0.27314504044350296,0.4921461112866362,0.11517959816933214,0.2394299362611248,0.007873358780780059,0.018455885595820565,0.06125010258907216,0.1416265921582325,-0.12275948505772191,-0.11127258451533405,-0.21159311435573042,-0.40330448114211026,-0.272146004985343,-0.15155914410990812,0.8926013080385168,0.522808262309564,-0.01764939617263449,-0.10057056486809046,-0.520702187058149,-0.589596707529751
2026-08-07,12,0.3158702469569733,0.527391143553891,0.1486746942510839,0.2892718377972165,0.09186920700882989,0.1608964031256409,0.04767189060898954,0.10011483920343205,0.0368368905483709,0.031032825400569005,-0.2345313850400097,-0.39239386790461683,-0.16474958599366063,-0.0815577266038039,0.8181793372175222,0.4423687261567239,-0.023638865307348437,-0.11767950881163827,-0.44844831362008103,-0.4702013486123946
