asset_class,basis_risk,beta,carry,commodity_price_risk,concentration_risk,convexity,correlation,counterparty_risk,credit_risk,credit_spread,currency_exposure,cvar,delta,duration,dv01,factor_exposure,gamma,implied_volatility,inflation_risk,interest_rate_risk,leverage,liquidity_risk,market_value,maximum_drawdown,modified_duration,portfolio_weight,real_estate_exposure,rho,theta,tracking_error,underlying_concentration,var,vega,volatility,yield_curve_exposure
Equity,Not Applicable,Required,Not Applicable,Not Applicable,Required,Not Applicable,Applicable,Not Applicable,Not Applicable,Not Applicable,Not Applicable,Required,Not Applicable,Not Applicable,Not Applicable,Applicable,Not Applicable,Not Applicable,Not Applicable,Not Applicable,Not Applicable,Applicable,Required,Required,Not Applicable,Required,Not Applicable,Not Applicable,Not Applicable,Not Applicable,Not Applicable,Required,Not Applicable,Required,Not Applicable
ETF/Fund,Not Applicable,Applicable,Not Applicable,Not Applicable,Required,Not Applicable,Not Applicable,Not Applicable,Not Applicable,Not Applicable,Not Applicable,Required,Not Applicable,Not Applicable,Not Applicable,Applicable,Not Applicable,Not Applicable,Not Applicable,Not Applicable,Not Applicable,Applicable,Required,Required,Not Applicable,Required,Not Applicable,Not Applicable,Not Applicable,Applicable,Applicable,Required,Not Applicable,Required,Not Applicable
Fixed Income,Not Applicable,Not Applicable,Not Applicable,Not Applicable,Required,Applicable,Not Applicable,Not Applicable,Required,Applicable,Not Applicable,Applicable,Not Applicable,Required,Required,Not Applicable,Not Applicable,Not Applicable,Not Applicable,Not Applicable,Not Applicable,Applicable,Required,Not Applicable,Required,Required,Not Applicable,Not Applicable,Not Applicable,Not Applicable,Not Applicable,Required,Not Applicable,Applicable,Required
Option,Not Applicable,Not Applicable,Not Applicable,Not Applicable,Required,Not Applicable,Not Applicable,Not Applicable,Not Applicable,Not Applicable,Not Applicable,Not Applicable,Required,Not Applicable,Not Applicable,Not Applicable,Required,Required,Not Applicable,Not Applicable,Required,Required,Required,Not Applicable,Not Applicable,Required,Not Applicable,Applicable,Required,Not Applicable,Not Applicable,Applicable,Required,Applicable,Not Applicable
Future,Required,Not Applicable,Not Applicable,Applicable,Required,Not Applicable,Not Applicable,Not Applicable,Not Applicable,Not Applicable,Applicable,Applicable,Not Applicable,Not Applicable,Not Applicable,Not Applicable,Not Applicable,Not Applicable,Not Applicable,Not Applicable,Required,Applicable,Required,Not Applicable,Not Applicable,Required,Not Applicable,Not Applicable,Not Applicable,Not Applicable,Not Applicable,Required,Not Applicable,Required,Not Applicable
FX,Not Applicable,Not Applicable,Applicable,Not Applicable,Required,Not Applicable,Applicable,Not Applicable,Not Applicable,Not Applicable,Required,Applicable,Not Applicable,Not Applicable,Not Applicable,Not Applicable,Not Applicable,Not Applicable,Not Applicable,Not Applicable,Not Applicable,Applicable,Required,Not Applicable,Not Applicable,Required,Not Applicable,Not Applicable,Not Applicable,Not Applicable,Not Applicable,Required,Not Applicable,Required,Not Applicable
Commodity,Not Applicable,Not Applicable,Not Applicable,Required,Required,Not Applicable,Applicable,Not Applicable,Not Applicable,Not Applicable,Not Applicable,Applicable,Not Applicable,Not Applicable,Not Applicable,Not Applicable,Not Applicable,Not Applicable,Applicable,Not Applicable,Not Applicable,Applicable,Required,Applicable,Not Applicable,Required,Not Applicable,Not Applicable,Not Applicable,Not Applicable,Not Applicable,Required,Not Applicable,Required,Not Applicable
Cash/Money Market,Not Applicable,Not Applicable,Not Applicable,Not Applicable,Applicable,Not Applicable,Not Applicable,Applicable,Not Applicable,Not Applicable,Applicable,Not Applicable,Not Applicable,Not Applicable,Not Applicable,Not Applicable,Not Applicable,Not Applicable,Required,Not Applicable,Not Applicable,Not Applicable,Required,Not Applicable,Not Applicable,Required,Not Applicable,Not Applicable,Not Applicable,Not Applicable,Not Applicable,Not Applicable,Not Applicable,Not Applicable,Not Applicable
Crypto,Not Applicable,Not Applicable,Not Applicable,Not Applicable,Required,Not Applicable,Applicable,Applicable,Not Applicable,Not Applicable,Not Applicable,Required,Not Applicable,Not Applicable,Not Applicable,Not Applicable,Not Applicable,Not Applicable,Not Applicable,Not Applicable,Not Applicable,Required,Required,Required,Not Applicable,Required,Not Applicable,Not Applicable,Not Applicable,Not Applicable,Not Applicable,Required,Not Applicable,Required,Not Applicable
Real Estate/REIT,Not Applicable,Not Applicable,Not Applicable,Not Applicable,Required,Not Applicable,Not Applicable,Not Applicable,Not Applicable,Not Applicable,Not Applicable,Not Applicable,Not Applicable,Not Applicable,Not Applicable,Not Applicable,Not Applicable,Not Applicable,Applicable,Optional,Not Applicable,Required,Required,Not Applicable,Not Applicable,Required,Required,Not Applicable,Not Applicable,Not Applicable,Not Applicable,Optional,Not Applicable,Optional,Not Applicable
Other,Not Applicable,Not Applicable,Not Applicable,Not Applicable,Required,Not Applicable,Not Applicable,Not Applicable,Not Applicable,Not Applicable,Not Applicable,Not Applicable,Not Applicable,Not Applicable,Not Applicable,Not Applicable,Not Applicable,Not Applicable,Not Applicable,Not Applicable,Not Applicable,Applicable,Required,Not Applicable,Not Applicable,Required,Not Applicable,Not Applicable,Not Applicable,Not Applicable,Not Applicable,Optional,Not Applicable,Optional,Not Applicable
