date,DGS10,DGS2,DGS3MO,T10YIE,BAMLH0A0HYM2,BAMLC0A0CM,VIXCLS
2025-08-04,4.22,3.69,4.35,2.37,3.02,0.82,17.52
2025-08-05,4.22,3.72,4.34,2.36,2.98,0.82,17.85
2025-08-06,4.22,3.69,4.32,2.34,2.98,0.81,16.77
2025-08-07,4.23,3.72,4.32,2.35,2.95,0.8,16.57
2025-08-08,4.27,3.76,4.32,2.39,2.94,0.8,15.15
2025-08-11,4.27,3.76,4.34,2.4,2.94,0.8,16.25
2025-08-12,4.29,3.72,4.33,2.38,2.93,0.79,14.73
2025-08-13,4.24,3.67,4.29,2.37,2.9,0.78,14.49
2025-08-14,4.29,3.74,4.3,2.39,2.89,0.77,14.83
2025-08-15,4.33,3.75,4.3,2.38,2.88,0.75,15.09
2025-08-18,4.34,3.77,4.33,2.38,2.88,0.75,14.99
2025-08-19,4.3,3.75,4.3,2.35,2.9,0.76,15.57
2025-08-20,4.29,3.74,4.3,2.35,2.94,0.77,15.69
2025-08-21,4.33,3.79,4.32,2.39,2.95,0.77,16.6
2025-08-22,4.26,3.68,4.27,2.41,2.88,0.77,14.22
2025-08-25,4.28,3.73,4.29,2.41,2.8,0.76,14.79
2025-08-26,4.26,3.61,4.28,2.42,2.78,0.78,14.62
2025-08-27,4.24,3.59,4.26,2.43,2.78,0.78,14.85
2025-08-28,4.22,3.62,4.26,2.41,2.75,0.79,14.43
2025-08-29,4.23,3.59,4.23,2.41,2.82,0.8,15.36
2025-08-31,,,,,2.84,0.81,
2025-09-01,,,,,2.84,0.81,16.12
2025-09-02,4.28,3.66,4.2,2.41,2.92,0.82,17.17
2025-09-03,4.22,3.61,4.18,2.4,2.88,0.81,16.35
2025-09-04,4.17,3.59,4.16,2.38,2.84,0.79,15.3
2025-09-05,4.1,3.51,4.07,2.37,2.83,0.79,15.18
2025-09-08,4.05,3.49,4.1,2.35,2.84,0.8,15.11
2025-09-09,4.08,3.54,4.1,2.36,2.87,0.8,15.04
2025-09-10,4.04,3.54,4.09,2.35,2.84,0.79,15.35
2025-09-11,4.01,3.52,4.08,2.34,2.78,0.78,14.71
2025-09-12,4.06,3.56,4.08,2.36,2.79,0.77,14.76
2025-09-15,4.05,3.54,4.06,2.37,2.75,0.75,15.69
2025-09-16,4.04,3.51,4.04,2.37,2.79,0.76,16.36
2025-09-17,4.06,3.52,4.02,2.38,2.79,0.76,15.72
2025-09-18,4.11,3.57,4.03,2.38,2.71,0.75,15.7
2025-09-19,4.14,3.57,4.03,2.39,2.72,0.74,15.45
2025-09-22,4.15,3.61,4.0,2.37,2.69,0.74,16.1
2025-09-23,4.12,3.53,4.0,2.37,2.71,0.75,16.64
2025-09-24,4.16,3.57,4.02,2.38,2.7,0.75,16.18
2025-09-25,4.18,3.64,4.04,2.38,2.76,0.76,16.74
2025-09-26,4.2,3.63,4.02,2.38,2.75,0.75,15.29
2025-09-29,4.15,3.63,4.04,2.35,2.74,0.75,16.12
2025-09-30,4.16,3.6,4.02,2.36,2.8,0.76,16.28
2025-10-01,4.12,3.55,4.01,2.35,2.81,0.76,16.29
2025-10-02,4.1,3.55,4.02,2.34,2.81,0.75,16.63
2025-10-03,4.13,3.58,4.03,2.33,2.8,0.75,16.65
2025-10-06,4.18,3.6,4.02,2.34,2.76,0.74,16.37
2025-10-07,4.14,3.57,4.01,2.35,2.82,0.75,17.24
2025-10-08,4.13,3.58,4.01,2.35,2.84,0.75,16.3
2025-10-09,4.14,3.6,4.03,2.34,2.95,0.77,16.43
2025-10-10,4.05,3.52,4.02,2.3,3.18,0.81,21.66
2025-10-13,,,,,3.18,0.81,19.03
2025-10-14,4.03,3.48,4.02,2.3,3.11,0.81,20.81
2025-10-15,4.05,3.5,4.03,2.29,2.95,0.78,20.64
2025-10-16,3.99,3.41,4.02,2.28,3.04,0.8,25.31
2025-10-17,4.02,3.46,4.0,2.27,3.04,0.8,20.78
2025-10-20,4.0,3.46,3.97,2.26,2.99,0.79,18.23
2025-10-21,3.98,3.45,3.96,2.28,2.97,0.79,17.87
2025-10-22,3.97,3.45,3.96,2.29,3.01,0.8,18.6
2025-10-23,4.01,3.48,3.95,2.3,2.96,0.78,17.3
2025-10-24,4.02,3.48,3.93,2.29,2.88,0.77,16.37
2025-10-27,4.01,3.48,3.89,2.28,2.8,0.76,15.79
2025-10-28,3.99,3.47,3.89,2.28,2.82,0.76,16.42
2025-10-29,4.08,3.59,3.93,2.3,2.76,0.75,16.92
2025-10-30,4.11,3.61,3.92,2.29,2.85,0.77,16.91
2025-10-31,4.11,3.6,3.89,2.3,2.94,0.8,17.44
2025-11-03,4.13,3.6,3.98,2.31,3.04,0.83,17.17
2025-11-04,4.1,3.58,3.96,2.29,3.13,0.83,19.0
2025-11-05,4.17,3.63,3.96,2.3,3.05,0.81,18.01
2025-11-06,4.11,3.57,3.93,2.28,3.13,0.82,19.5
2025-11-07,4.11,3.55,3.92,2.28,3.15,0.84,19.08
2025-11-10,4.13,3.58,3.95,2.29,3.02,0.82,17.6
2025-11-11,,,,,3.02,0.82,17.28
2025-11-12,4.08,3.56,3.95,2.27,3.02,0.83,17.51
2025-11-13,4.11,3.58,3.96,2.28,3.09,0.84,20.0
2025-11-14,4.14,3.62,3.95,2.28,3.07,0.83,19.83
2025-11-17,4.13,3.6,3.97,2.28,3.13,0.84,22.38
2025-11-18,4.12,3.58,3.94,2.27,3.2,0.85,24.69
2025-11-19,4.13,3.58,3.95,2.27,3.17,0.84,23.66
2025-11-20,4.1,3.55,3.94,2.24,3.17,0.85,26.42
2025-11-21,4.06,3.51,3.9,2.24,3.19,0.86,23.43
2025-11-24,4.04,3.46,3.91,2.23,3.15,0.85,20.52
2025-11-25,4.01,3.43,3.9,2.22,3.1,0.84,18.56
2025-11-26,4.0,3.45,3.92,2.23,3.0,0.82,17.19
2025-11-27,,,,,3.0,0.82,17.21
2025-11-28,4.02,3.47,3.88,2.23,2.95,0.82,16.35
2025-11-30,,,,,2.92,0.82,
2025-12-01,4.09,3.54,3.81,2.24,2.94,0.82,17.24
2025-12-02,4.09,3.51,3.77,2.24,2.92,0.81,16.59
2025-12-03,4.06,3.49,3.72,2.24,2.89,0.81,16.08
2025-12-04,4.11,3.52,3.71,2.26,2.88,0.8,15.78
2025-12-05,4.14,3.56,3.71,2.26,2.85,0.79,15.41
2025-12-08,4.17,3.57,3.73,2.26,2.89,0.78,16.66
2025-12-09,4.18,3.61,3.73,2.26,2.89,0.79,16.93
2025-12-10,4.13,3.54,3.69,2.25,2.91,0.78,15.77
2025-12-11,4.14,3.52,3.66,2.25,2.88,0.78,14.85
2025-12-12,4.19,3.52,3.63,2.26,2.91,0.8,15.74
2025-12-15,4.18,3.51,3.65,2.25,2.91,0.8,16.5
2025-12-16,4.15,3.48,3.64,2.23,2.98,0.81,16.48
2025-12-17,4.16,3.49,3.64,2.24,2.99,0.81,17.62
2025-12-18,4.12,3.46,3.62,2.24,2.95,0.81,16.87
2025-12-19,4.16,3.48,3.62,2.24,2.9,0.8,14.91
2025-12-22,4.17,3.44,3.64,2.23,2.88,0.8,14.08
2025-12-23,4.18,3.48,3.65,2.24,2.83,0.79,14.0
2025-12-24,4.15,3.47,3.69,2.24,2.84,0.79,13.47
2025-12-26,4.14,3.46,3.64,2.23,2.86,0.79,13.6
2025-12-29,4.12,3.45,3.68,2.22,2.87,0.79,14.2
2025-12-30,4.14,3.45,3.65,2.24,2.84,0.79,14.33
2025-12-31,4.18,3.47,3.67,2.25,2.81,0.79,14.95
2026-01-02,4.19,3.47,3.65,2.25,2.83,0.79,14.51
2026-01-05,4.17,3.46,3.64,2.26,2.81,0.79,14.9
2026-01-06,4.18,3.47,3.63,2.27,2.79,0.79,14.75
2026-01-07,4.15,3.47,3.62,2.27,2.79,0.79,15.38
2026-01-08,4.19,3.49,3.62,2.27,2.76,0.79,15.45
2026-01-09,4.18,3.54,3.62,2.28,2.74,0.78,14.49
2026-01-12,4.19,3.54,3.67,2.29,2.74,0.78,15.12
2026-01-13,4.18,3.53,3.67,2.3,2.75,0.77,15.98
2026-01-14,4.15,3.51,3.67,2.29,2.76,0.77,16.75
2026-01-15,4.17,3.56,3.68,2.29,2.71,0.76,15.84
2026-01-16,4.24,3.59,3.67,2.33,2.65,0.75,15.86
2026-01-19,,,,,2.65,0.75,18.84
2026-01-20,4.3,3.6,3.7,2.33,2.73,0.75,20.09
2026-01-21,4.26,3.6,3.7,2.34,2.69,0.74,16.9
2026-01-22,4.26,3.61,3.71,2.31,2.64,0.73,15.64
2026-01-23,4.24,3.6,3.7,2.32,2.68,0.73,16.09
2026-01-26,4.22,3.56,3.67,2.32,2.69,0.74,16.15
2026-01-27,4.24,3.53,3.67,2.34,2.71,0.73,16.35
2026-01-28,4.26,3.56,3.68,2.36,2.72,0.73,16.35
2026-01-29,4.24,3.53,3.67,2.35,2.77,0.74,16.88
2026-01-30,4.26,3.52,3.67,2.36,2.8,0.74,17.44
2026-01-31,,,,,2.88,0.75,
2026-02-02,4.29,3.57,3.69,2.35,2.81,0.74,16.34
2026-02-03,4.28,3.57,3.69,2.36,2.85,0.74,18.0
2026-02-04,4.29,3.57,3.69,2.35,2.86,0.75,18.64
2026-02-05,4.21,3.47,3.67,2.32,2.97,0.76,21.77
2026-02-06,4.22,3.5,3.68,2.34,2.87,0.76,17.76
2026-02-09,4.22,3.48,3.69,2.35,2.84,0.76,17.36
2026-02-10,4.16,3.45,3.69,2.32,2.86,0.77,17.79
2026-02-11,4.18,3.52,3.7,2.32,2.84,0.77,17.65
2026-02-12,4.09,3.47,3.7,2.29,2.92,0.78,20.82
2026-02-13,4.04,3.4,3.68,2.27,2.95,0.79,20.6
2026-02-16,,,,,2.94,0.79,21.2
2026-02-17,4.05,3.43,3.69,2.26,2.94,0.8,20.29
2026-02-18,4.09,3.47,3.7,2.29,2.86,0.78,19.62
2026-02-19,4.08,3.47,3.69,2.29,2.88,0.79,20.23
2026-02-20,4.08,3.48,3.69,2.28,2.86,0.78,19.09
2026-02-23,4.03,3.43,3.69,2.26,2.95,0.8,21.01
2026-02-24,4.04,3.43,3.69,2.26,2.97,0.81,19.55
2026-02-25,4.05,3.45,3.69,2.28,2.94,0.8,17.93
2026-02-26,4.02,3.42,3.68,2.28,2.98,0.82,18.63
2026-02-27,3.97,3.38,3.67,2.25,3.1,0.85,19.86
2026-02-28,,,,,3.12,0.86,
2026-03-02,4.05,3.47,3.72,2.29,3.03,0.85,21.44
2026-03-03,4.06,3.51,3.71,2.29,3.08,0.84,23.57
2026-03-04,4.09,3.54,3.71,2.29,2.97,0.82,21.15
2026-03-05,4.13,3.57,3.7,2.31,3.0,0.82,23.75
2026-03-06,4.15,3.56,3.69,2.35,3.13,0.84,29.49
2026-03-09,4.12,3.56,3.71,2.34,3.19,0.85,25.5
2026-03-10,4.15,3.57,3.71,2.33,3.06,0.84,24.93
2026-03-11,4.21,3.64,3.71,2.36,3.09,0.88,24.23
2026-03-12,4.27,3.76,3.72,2.38,3.17,0.91,27.29
2026-03-13,4.28,3.73,3.72,2.36,3.28,0.93,27.19
2026-03-16,4.23,3.68,3.72,2.36,3.27,0.94,23.51
2026-03-17,4.2,3.68,3.72,2.37,3.22,0.92,22.37
2026-03-18,4.26,3.76,3.73,2.4,3.2,0.91,25.09
2026-03-19,4.25,3.79,3.73,2.37,3.27,0.9,24.06
2026-03-20,4.39,3.88,3.74,2.38,3.24,0.88,26.78
2026-03-23,4.34,3.83,3.74,2.33,3.19,0.88,26.15
2026-03-24,4.39,3.9,3.74,2.33,3.19,0.87,26.95
2026-03-25,4.33,3.84,3.73,2.31,3.17,0.87,25.33
2026-03-26,4.42,3.96,3.73,2.34,3.21,0.88,27.44
2026-03-27,4.44,3.88,3.73,2.31,3.42,0.91,31.05
2026-03-30,4.35,3.82,3.71,2.31,3.46,0.93,30.61
2026-03-31,4.3,3.79,3.7,2.3,3.28,0.9,25.25
2026-04-01,4.33,3.81,3.7,2.31,3.16,0.87,24.54
2026-04-02,4.31,3.79,3.7,2.34,3.17,0.86,23.87
2026-04-03,4.35,3.84,3.71,2.36,3.13,0.86,
2026-04-06,4.34,3.84,3.72,2.36,3.05,0.85,24.17
2026-04-07,4.33,3.81,3.71,2.37,3.12,0.86,25.78
2026-04-08,4.29,3.79,3.69,2.33,2.94,0.83,21.04
2026-04-09,4.29,3.78,3.68,2.34,2.9,0.83,19.49
2026-04-10,4.31,3.81,3.69,2.36,2.94,0.82,19.23
2026-04-13,4.3,3.78,3.71,2.38,2.95,0.82,19.12
2026-04-14,4.26,3.76,3.71,2.37,2.84,0.81,18.36
2026-04-15,4.29,3.76,3.71,2.39,2.85,0.8,18.17
2026-04-16,4.32,3.78,3.7,2.39,2.86,0.81,17.94
2026-04-17,4.26,3.71,3.7,2.36,2.83,0.8,17.48
2026-04-20,4.26,3.72,3.71,2.35,2.87,0.81,18.87
2026-04-21,4.3,3.78,3.69,2.38,2.85,0.8,19.5
2026-04-22,4.3,3.79,3.69,2.38,2.84,0.79,18.92
2026-04-23,4.34,3.83,3.69,2.42,2.86,0.8,19.31
2026-04-24,4.31,3.78,3.69,2.42,2.86,0.8,18.71
2026-04-27,4.35,3.78,3.68,2.44,2.84,0.81,18.02
2026-04-28,4.36,3.84,3.68,2.44,2.85,0.81,17.83
2026-04-29,4.42,3.92,3.68,2.46,2.82,0.81,18.81
2026-04-30,4.4,3.88,3.68,2.46,2.83,0.81,16.89
2026-05-01,4.39,3.88,3.68,2.48,2.77,0.81,16.99
2026-05-04,4.45,3.95,3.7,2.5,2.78,0.8,18.29
2026-05-05,4.43,3.93,3.69,2.47,2.77,0.79,17.38
2026-05-06,4.36,3.87,3.69,2.42,2.75,0.78,17.39
2026-05-07,4.41,3.92,3.69,2.45,2.79,0.79,17.08
2026-05-08,4.38,3.9,3.69,2.45,2.81,0.79,17.19
2026-05-11,4.42,3.95,3.7,2.47,2.79,0.78,18.38
2026-05-12,4.46,4.0,3.7,2.47,2.82,0.77,17.99
2026-05-13,4.46,3.98,3.69,2.47,2.82,0.76,17.87
2026-05-14,4.47,4.0,3.69,2.47,2.76,0.76,17.26
2026-05-15,4.59,4.09,3.69,2.49,2.8,0.75,18.43
2026-05-18,4.61,4.07,3.68,2.48,2.83,0.75,17.82
2026-05-19,4.67,4.13,3.67,2.49,2.86,0.76,18.06
2026-05-20,4.57,4.04,3.65,2.44,2.8,0.75,17.44
2026-05-21,4.57,4.08,3.68,2.39,2.78,0.75,16.76
2026-05-22,4.56,4.13,3.68,2.4,2.74,0.74,16.7
2026-05-25,,,,,2.74,0.74,16.59
2026-05-26,4.5,4.01,3.68,2.4,2.72,0.74,17.01
2026-05-27,4.48,4.0,3.68,2.39,2.71,0.74,16.29
2026-05-28,4.45,3.99,3.69,2.39,2.72,0.73,15.74
2026-05-29,4.45,3.98,3.69,2.38,2.72,0.73,15.32
2026-05-31,,,,,2.74,0.74,
2026-06-01,4.47,4.05,3.78,2.4,2.72,0.73,16.05
2026-06-02,4.46,4.05,3.77,2.39,2.71,0.74,15.77
2026-06-03,4.49,4.08,3.78,2.38,2.75,0.74,16.06
2026-06-04,4.47,4.05,3.78,2.36,2.74,0.74,15.4
2026-06-05,4.55,4.17,3.78,2.36,2.76,0.74,21.51
2026-06-08,4.56,4.15,3.8,2.35,2.75,0.75,18.92
2026-06-09,4.53,4.13,3.79,2.33,2.78,0.75,19.87
2026-06-10,4.55,4.13,3.79,2.34,2.8,0.75,22.22
2026-06-11,4.45,4.05,3.78,2.29,2.78,0.75,19.44
2026-06-12,4.48,4.09,3.78,2.31,2.71,0.74,17.68
2026-06-15,4.47,4.07,3.79,2.32,2.66,0.73,16.2
2026-06-16,4.43,4.05,3.79,2.29,2.71,0.75,16.41
2026-06-17,4.49,4.2,3.83,2.26,2.63,0.74,18.44
2026-06-18,4.46,4.19,3.83,2.25,2.66,0.74,16.4
2026-06-19,,,,,2.66,0.74,16.78
2026-06-22,4.51,4.24,3.85,2.23,2.65,0.74,17.28
2026-06-23,4.5,4.16,3.85,2.21,2.71,0.74,19.49
2026-06-24,4.41,4.11,3.85,2.18,2.76,0.75,18.63
2026-06-25,4.4,4.09,3.84,2.21,2.78,0.76,18.89
2026-06-26,4.38,4.07,3.83,2.2,2.83,0.77,18.41
2026-06-29,4.38,4.1,3.87,2.22,2.8,0.76,17.65
2026-06-30,4.44,4.14,3.87,2.24,2.75,0.76,16.45
2026-07-01,4.48,4.17,3.85,2.23,2.74,0.76,16.59
2026-07-02,4.49,4.14,3.82,2.23,2.75,0.75,16.15
2026-07-03,,,,,2.74,0.75,15.81
2026-07-06,4.48,4.13,3.87,2.24,2.72,0.75,15.57
2026-07-07,4.55,4.19,3.86,2.25,2.67,0.76,16.13
2026-07-08,4.56,4.21,3.87,2.25,2.7,0.76,16.9
2026-07-09,4.54,4.16,3.83,2.23,2.7,0.76,15.84
2026-07-10,4.56,4.21,3.85,2.24,2.69,0.77,15.03
2026-07-13,4.62,4.26,3.89,2.26,2.69,0.78,17.16
2026-07-14,4.58,4.18,3.84,2.25,2.72,0.79,16.5
2026-07-15,4.55,4.13,3.83,2.23,2.71,0.79,15.67
2026-07-16,4.57,4.16,3.84,2.22,2.71,0.78,16.73
2026-07-17,4.55,4.18,3.85,2.24,2.73,0.79,18.77
2026-07-20,4.6,4.21,3.86,2.25,2.69,0.78,18.65
2026-07-21,4.63,4.26,3.87,2.26,2.69,0.78,17.05
2026-07-22,4.67,4.31,3.89,2.28,2.68,0.78,16.64
2026-07-23,4.71,4.37,3.95,2.28,2.77,0.79,18.7
2026-07-24,4.69,4.33,3.96,2.26,2.79,0.8,18.58
2026-07-27,4.65,4.31,3.96,2.21,2.81,0.81,18.67
2026-07-28,4.61,4.26,3.9,2.2,2.84,0.81,18.21
2026-07-29,4.67,4.22,3.83,2.26,2.87,0.81,20.66
2026-07-30,4.68,4.23,3.82,2.27,2.84,0.8,17.09
2026-07-31,4.75,4.28,3.83,2.28,2.85,0.79,15.99
2026-08-03,4.7,4.25,3.91,2.27,2.78,0.78,15.86
2026-08-04,4.63,4.2,3.89,2.23,2.73,0.78,16.5
2026-08-05,4.63,4.18,3.89,2.22,2.75,0.78,15.81
2026-08-06,4.69,4.25,3.9,2.26,2.71,0.78,15.15
2026-08-07,4.65,4.19,3.87,2.25,2.7,0.78,14.9
2026-08-10,4.72,4.25,3.89,2.29,2.7,0.78,15.46
2026-08-11,4.7,4.22,3.89,2.27,2.72,0.79,15.28
2026-08-12,4.68,4.2,3.87,2.26,2.71,0.79,14.55
2026-08-13,4.63,4.15,3.87,2.24,2.71,0.79,14.63
2026-08-14,4.68,4.17,3.86,2.27,2.67,0.8,14.25
2026-08-17,4.72,4.19,3.87,2.28,2.7,0.81,15.19
2026-08-18,4.71,4.19,3.86,2.3,2.75,0.82,15.84
2026-08-19,4.65,4.19,3.86,2.3,2.73,0.81,14.89
2026-08-20,4.69,4.19,3.87,2.34,2.75,0.82,16.01
2026-08-21,4.74,4.24,3.88,2.34,2.7,0.81,15.13
2026-08-24,4.7,4.24,3.87,2.32,2.69,0.81,15.85
2026-08-25,4.64,4.17,3.86,2.32,2.7,0.81,15.45
2026-08-26,4.66,4.19,3.85,2.32,2.67,0.8,15.21
2026-08-27,4.67,4.2,3.84,2.33,2.63,0.79,14.51
2026-08-28,4.73,4.34,3.9,2.31,2.6,0.79,14.43
2026-08-31,4.75,4.34,3.91,2.31,2.63,0.8,14.92
2026-09-01,4.79,4.39,3.92,2.35,2.65,0.81,16.34
2026-09-02,4.79,4.39,3.92,2.34,2.66,0.81,15.2
2026-09-03,4.77,4.34,3.89,2.35,2.65,0.81,14.32
2026-09-04,4.78,4.37,3.91,2.35,2.68,0.81,14.53
2026-09-07,,,,,2.68,0.81,15.3
2026-09-08,4.8,4.39,3.94,2.37,2.67,0.81,15.72
2026-09-09,4.83,4.43,3.95,2.37,2.71,0.81,16.46
2026-09-10,4.95,4.56,4.0,2.4,2.7,0.8,17.84
2026-09-11,4.96,4.63,4.07,2.36,2.65,0.8,15.84
2026-09-14,4.97,4.65,4.11,2.37,2.71,0.8,17.1
2026-09-15,5.0,4.67,4.11,2.38,2.76,0.8,17.2
2026-09-16,5.01,4.74,4.14,2.33,2.7,0.78,17.71
2026-09-17,4.94,4.67,4.12,2.33,2.7,0.78,15.44
2026-09-18,5.01,4.76,4.14,2.33,2.68,0.77,14.81
2026-09-21,4.96,4.76,4.17,2.34,2.66,0.77,14.87
2026-09-22,4.96,4.71,4.16,2.33,2.68,0.77,14.21
2026-09-23,5.11,4.85,4.19,2.35,2.73,0.77,15.18
2026-09-24,5.18,4.87,4.24,2.33,2.8,0.79,15.67
2026-09-25,5.17,4.81,4.24,2.34,2.93,0.81,14.87
2026-09-28,5.24,4.92,4.28,2.34,3.02,0.83,16.07
2026-09-29,5.26,4.89,4.25,2.35,3.08,0.84,16.04
2026-09-30,5.29,4.88,4.2,2.36,3.12,0.84,16.34
2026-10-01,5.24,4.78,4.17,2.36,3.24,0.86,16.39
2026-10-02,5.28,4.83,4.19,2.36,3.1,0.85,15.31
2026-10-05,5.31,4.84,4.22,2.36,3.12,0.84,15.52
2026-10-06,,,,2.36,,,
