assumption,value,source
equity_risk_premium,0.045,Vittantra policy assumption
tax_rate,0.21,Vittantra policy assumption
high_growth_years,5.0,Vittantra policy assumption
fade_years,5.0,Vittantra policy assumption
ri_fade_years,10.0,Vittantra policy assumption
max_initial_growth,0.2,Vittantra policy assumption
max_cyclical_growth,0.05,Vittantra policy assumption
min_initial_growth,-0.05,Vittantra policy assumption
max_terminal_growth,0.03,Vittantra policy assumption
default_retention,0.5,Vittantra policy assumption
default_risk_free,0.0425,Vittantra policy assumption
fair_value_band,0.15,Vittantra policy assumption
risk_free_rate,0.0528,10Y Treasury (FRED DGS10) on 2026-10-02
credit_spread_AAA,0.0041,ICE BofA option-adjusted spreads by rating (FRED)
credit_spread_AA,0.006,ICE BofA option-adjusted spreads by rating (FRED)
credit_spread_A,0.0072,ICE BofA option-adjusted spreads by rating (FRED)
credit_spread_BBB,0.0104,ICE BofA option-adjusted spreads by rating (FRED)
credit_spread_BB,0.0191,ICE BofA option-adjusted spreads by rating (FRED)
credit_spread_B,0.0312,ICE BofA option-adjusted spreads by rating (FRED)
credit_spread_CCC & below,0.1202,ICE BofA option-adjusted spreads by rating (FRED)
