date,AAPL,SPY,ES,EURUSD,GOLD,BTC,REIT,CORP_BOND,AAPL_CALL,USD,VITTANTRA_BENCHMARK
2025-06-26,201.060239,611.89382,6195.0,1.168374,3348.0,107967.332213,88.269997,100.684555,30.030183,1.0,611.869995
2025-06-27,201.140265,614.933917,6223.75,1.169221,3287.600098,108096.971431,88.489998,100.518576,30.043172,1.0,614.909973
2025-06-30,205.231487,617.874033,6253.75,1.172745,3307.699951,108144.319437,89.059998,101.071837,32.453237,1.0,617.849976
2025-07-01,207.88229,617.674074,6248.75,1.178717,3349.800049,106693.730797,89.709999,100.822865,34.061319,1.0,617.650024
2025-07-02,212.50367,620.474171,6275.0,1.180554,3359.699951,109884.540021,89.919998,100.804426,37.018499,1.0,620.450012
2025-07-03,213.614003,625.364376,6324.25,1.180025,3342.899902,110680.62371,90.019997,100.564677,37.729318,1.0,625.340027
2025-07-07,210.012918,620.704161,6276.0,1.178078,3342.800049,109319.802284,89.25,99.965315,35.233566,1.0,620.679993
2025-07-08,210.072934,620.364182,6272.0,1.173654,3316.899902,109976.349728,89.120003,99.679458,35.235752,1.0,620.340027
2025-07-09,211.203278,624.084297,6307.25,1.172457,3321.0,112375.010416,89.190002,100.251165,35.929566,1.0,624.059998
2025-07-10,212.473662,625.844376,6324.25,1.173117,3325.699951,117079.552097,89.75,100.269604,36.721294,1.0,625.820007
2025-07-11,211.223288,623.644278,6300.0,1.170275,3364.0,118623.748469,89.760002,99.661019,35.85398,1.0,623.619995
2025-07-14,208.682518,624.834326,6311.0,1.168211,3359.100098,120978.428505,90.339996,99.633357,34.128307,1.0,624.809998
2025-07-15,209.17267,622.16424,6284.0,1.16663,3336.699951,118886.394259,89.010002,99.273737,34.403842,1.0,622.140015
2025-07-16,210.222988,624.244277,6303.25,1.160739,3359.100098,119856.768133,89.849998,99.430493,35.024855,1.0,624.219971
2025-07-17,210.082947,628.064433,6340.5,1.163575,3345.300049,120413.296464,89.75,99.670235,34.898241,1.0,628.039978
2025-07-18,211.243283,627.604454,6334.75,1.161548,3358.300049,119114.562121,89.940002,99.85466,35.594771,1.0,627.580017
2025-07-21,212.543675,628.794503,6344.75,1.163075,3406.399902,118545.565902,90.309998,100.241942,36.345773,1.0,628.77002
2025-07-22,214.464249,628.884472,6346.75,1.169454,3443.699951,121125.511725,91.860001,100.481691,37.57427,1.0,628.859985
2025-07-23,214.214174,634.234717,6396.25,1.173916,3397.600098,119873.376211,92.040001,100.324935,37.371172,1.0,634.210022
2025-07-24,213.824058,634.444686,6401.5,1.177426,3373.5,119482.770937,91.720001,100.177395,37.091291,1.0,634.419983
2025-07-25,213.944104,637.124783,6425.0,1.175613,3335.600098,118743.758787,91.730003,100.50013,37.133302,1.0,637.099976
2025-07-28,214.114153,636.964804,6422.75,1.175682,3310.0,119035.070466,90.260002,100.297266,37.102919,1.0,636.940002
2025-07-29,211.333321,635.284746,6406.0,1.159676,3324.0,119032.720415,91.709999,100.961182,35.246701,1.0,635.26001
2025-07-30,209.112655,634.484727,6396.25,1.155095,3295.800049,118940.902822,90.410004,100.583123,33.800646,1.0,634.460022
2025-07-31,207.632216,632.104629,6374.25,1.142936,3293.199951,116848.395411,89.139999,100.610785,32.829263,1.0,632.080017
2025-08-01,202.440658,621.744179,6264.5,1.142374,3399.800049,114387.316425,88.919998,101.090276,29.530624,1.0,621.719971
2025-08-04,203.41095,631.194559,6356.0,1.158668,3426.399902,116155.611444,89.830002,101.265478,30.005062,1.0,631.169983
2025-08-05,202.980813,627.994423,6325.25,1.158413,3434.699951,115216.411232,90.239998,101.339248,29.697184,1.0,627.969971
2025-08-06,213.313911,632.804669,6371.0,1.157917,3433.399902,116111.31535,89.540001,101.311586,36.118861,1.0,632.780029
2025-08-07,220.095941,632.274619,6366.5,1.166317,3453.699951,118603.465479,89.800003,101.210154,40.638072,1.0,632.25
2025-08-08,229.418742,637.204803,6413.5,1.167665,3491.300049,117787.68237,89.059998,100.887419,47.21837,1.0,637.179993
2025-08-11,227.248078,635.944744,6399.75,1.164795,3404.699951,119849.639119,88.470001,101.044175,45.561122,1.0,635.919983
2025-08-12,229.718819,642.715028,6468.5,1.161845,3399.0,121304.675506,88.970001,101.136384,47.300942,1.0,642.690002
2025-08-13,233.39993,644.915125,6488.75,1.167706,3408.300049,124505.6972,89.800003,101.671207,49.914343,1.0,644.890015
2025-08-14,232.849762,644.975125,6490.5,1.171289,3383.199951,119474.269746,89.160004,101.320802,49.483107,1.0,644.950012
2025-08-15,231.659403,643.465057,6471.5,1.165135,3382.600098,118503.990505,89.669998,101.191708,48.560976,1.0,643.440002
2025-08-18,230.959197,643.325037,6469.25,1.170659,3378.0,117347.15823,88.910004,101.00729,47.979748,1.0,643.299988
2025-08-19,230.629096,639.83491,6432.5,1.166834,3358.699951,113893.805734,90.440002,101.164046,47.646319,1.0,639.809998
2025-08-20,226.077729,638.134832,6413.25,1.164253,3388.5,115350.963475,90.699997,101.210154,44.306307,1.0,638.109985
2025-08-21,224.967396,635.574735,6388.25,1.165175,3381.600098,113477.775748,90.43,100.822865,43.508982,1.0,635.549988
2025-08-22,227.828254,645.335125,6483.25,1.161305,3418.5,117974.78743,92.18,101.615875,45.437687,1.0,645.309998
2025-08-25,227.228083,642.494987,6455.5,1.17096,3417.5,111161.485134,91.650002,101.348471,44.92176,1.0,642.469971
2025-08-26,229.378721,645.185094,6482.5,1.161845,3433.0,112855.595827,91.410004,101.422234,46.424978,1.0,645.159973
2025-08-27,230.559083,646.655183,6496.0,1.163941,3448.600098,112269.534138,91.980003,101.459119,47.216228,1.0,646.630005
2025-08-28,232.629695,648.945251,6517.5,1.164795,3474.300049,113604.7337,91.739998,101.615875,48.706815,1.0,648.919983
2025-08-29,232.209571,645.075105,6472.75,1.168156,3516.100098,109431.831892,92.239998,101.247039,48.304815,1.0,645.049988
2025-09-02,229.788848,640.29495,6425.5,1.171591,3592.199951,112247.855312,90.709999,100.555461,46.318512,1.0,640.27002
2025-09-03,238.54147,643.765056,6457.25,1.163603,3635.5,112775.402311,90.760002,101.154823,52.794985,1.0,643.73999
2025-09-04,239.85186,649.145271,6510.75,1.166045,3606.699951,111766.378775,91.440002,101.846402,53.727493,1.0,649.119995
2025-09-05,239.761837,647.265192,6489.75,1.165691,3653.300049,111693.07769,92.470001,102.510318,53.45867,1.0,647.23999
2025-09-08,237.951297,648.855281,6506.0,1.171317,3677.399902,113126.90053,91.93,102.869938,52.008684,1.0,648.830017
2025-09-09,234.42024,650.35534,6521.75,1.176914,3682.199951,112580.923769,91.720001,102.68552,49.30179,1.0,650.330017
2025-09-10,226.857962,652.235418,6539.75,1.170275,3682.0,115028.572767,91.57,102.989816,43.711238,1.0,652.210022
2025-09-11,230.098938,657.655612,6592.5,1.170344,3673.600098,116595.370635,93.239998,103.469307,45.997248,1.0,657.630005
2025-09-12,234.140158,657.435571,6588.25,1.173475,3686.399902,117195.004262,92.809998,103.284889,48.941943,1.0,657.409973
2025-09-15,236.770935,660.935708,6621.5,1.172649,3719.0,116532.116412,92.660004,103.607624,50.770364,1.0,660.909973
2025-09-16,238.221367,660.025699,6610.75,1.176374,3725.100098,117943.597996,92.169998,103.515415,51.799964,1.0,660.0
2025-09-17,239.06163,659.20566,6601.25,1.187141,3717.800049,117565.389635,92.050003,103.33099,52.369088,1.0,659.179993
2025-09-18,237.951297,662.285797,6635.0,1.182634,3678.300049,118240.382613,92.25,103.11891,51.499096,1.0,662.26001
2025-09-19,245.573576,663.725855,6658.77002,1.179106,3705.800049,116778.398593,91.650002,103.035917,57.381972,1.0,663.700012
2025-09-22,256.156733,666.865992,6752.5,1.173695,3775.100098,113810.355269,91.669998,102.805391,65.77724,1.0,666.840027
2025-09-23,254.506245,663.235846,6715.0,1.180108,3815.699951,113069.434688,92.169998,103.008255,64.378983,1.0,663.210022
2025-09-24,252.385614,661.125718,6692.25,1.181447,3768.100098,114395.943793,90.400002,102.593311,62.643197,1.0,661.099976
2025-09-25,256.946978,658.075611,6659.75,1.174467,3771.100098,110076.297867,90.129997,102.408886,66.394576,1.0,658.049988
2025-09-26,255.536567,661.845777,6696.5,1.166276,3809.0,110746.086034,91.019997,102.547203,65.151095,1.0,661.820007
2025-09-29,254.506245,663.705835,6713.5,1.170823,3855.199951,115477.787364,91.050003,102.888384,64.225341,1.0,663.679993
2025-09-30,254.706317,666.205932,6738.75,1.173144,3873.199951,115130.247956,91.419998,102.786952,64.314037,1.0,666.179993
2025-10-01,255.526555,668.47604,6761.5,1.173585,3897.5,119766.346375,91.559998,102.823837,64.933062,1.0,668.450012
2025-10-02,257.207066,669.246029,6766.75,1.173406,3868.100098,121817.814642,91.080002,102.989816,66.305731,1.0,669.219971
2025-10-03,258.097317,669.23608,6764.0,1.172512,3908.899902,123418.017932,91.419998,102.860722,67.027705,1.0,669.210022
2025-10-06,256.766932,671.636137,6788.75,1.171248,3976.300049,125927.430683,90.559998,102.528764,65.78744,1.0,671.609985
2025-10-07,256.556877,669.146049,6761.5,1.171029,4004.399902,122595.192557,90.230003,102.722405,65.556131,1.0,669.119995
2025-10-08,258.137338,673.136195,6801.25,1.16546,4070.5,124516.603644,89.760002,102.593311,66.832514,1.0,673.109985
2025-10-09,254.116128,671.186107,6779.25,1.163196,3972.600098,122851.789726,89.269997,102.390447,63.501374,1.0,671.159973
2025-10-10,245.343511,653.045447,6595.25,1.156644,4000.399902,114280.602033,88.129997,102.676297,56.36551,1.0,653.02002
2025-10-13,247.734227,663.065795,6694.75,1.160241,4133.0,116356.682746,88.690002,103.026701,58.115397,1.0,663.039978
2025-10-14,247.84426,662.255766,6686.5,1.156685,4163.399902,114183.997591,89.599998,103.367875,58.199587,1.0,662.22998
2025-10-15,249.414723,665.195883,6715.0,1.160227,4201.600098,111826.502225,90.900002,103.367875,59.440143,1.0,665.169983
2025-10-16,247.524157,660.665739,6668.75,1.164632,4304.600098,109204.917916,90.580002,103.662948,57.865107,1.0,660.640015
2025-10-17,252.365604,664.415885,6702.5,1.16996,4213.299805,107470.485712,91.169998,103.460084,61.703155,1.0,664.390015
2025-10-20,262.318583,671.326127,6773.75,1.165746,4359.399902,111630.438581,92.089996,103.773603,69.816668,1.0,671.299988
2025-10-21,262.848741,671.316117,6773.25,1.164443,4109.100098,109498.508672,91.830002,103.792042,70.209614,1.0,671.289978
2025-10-22,258.527469,667.825991,6737.0,1.160039,4065.399902,108702.779857,92.220001,103.893474,66.530097,1.0,667.799988
2025-10-23,259.657782,671.786167,6775.0,1.160847,4145.600098,111106.345684,92.160004,103.76438,67.420584,1.0,671.76001
2025-10-24,262.898774,677.276371,6827.0,1.161805,4137.799805,112079.621634,92.43,103.939582,70.082196,1.0,677.25
2025-10-27,268.890559,685.266672,6908.25,1.163169,4019.699951,115194.085748,92.690002,104.114784,75.031629,1.0,685.23999
2025-10-28,269.080619,687.08675,6925.75,1.165175,3983.100098,114019.967192,90.870003,104.124,75.159185,1.0,687.059998
2025-10-29,269.780841,687.41678,6922.75,1.165787,4000.699951,111091.787986,88.529999,103.533854,75.806298,1.0,687.390015
2025-10-30,271.481332,679.856488,6855.5,1.160335,4015.899902,109325.551234,88.949997,102.980593,77.230421,1.0,679.830017
2025-10-31,270.451024,682.086556,6874.0,1.157247,3996.5,110587.946535,89.18,102.565649,76.23796,1.0,682.059998
2025-11-03,269.130621,683.366635,6882.75,1.152804,4014.0,107550.971012,89.050003,101.920172,75.151267,1.0,683.340027
2025-11-04,270.120939,675.266283,6801.75,1.151914,3960.5,102547.286777,89.199997,102.058489,75.936452,1.0,675.23999
2025-11-05,270.220975,677.606401,6825.25,1.148554,3992.899902,104870.272671,89.279999,101.754193,75.986285,1.0,677.580017
2025-11-06,269.850838,670.336098,6747.5,1.149676,3991.0,102255.328439,88.849998,102.289015,75.570043,1.0,670.309998
2025-11-07,268.550461,670.996097,6753.75,1.154921,4009.800049,104345.951078,90.230003,102.086151,74.385315,1.0,670.969971
2025-11-10,269.51074,681.466536,6856.75,1.154388,4122.0,106994.852757,90.18,102.141475,75.162932,1.0,681.440002
2025-11-11,275.332492,683.026595,6871.5,1.155722,4116.299805,103967.482476,91.190002,102.547203,80.32574,1.0,683.0
2025-11-12,273.55196,683.406614,6875.75,1.158749,4213.600098,102620.635178,90.510002,102.445771,78.622944,1.0,683.380005
2025-11-13,273.031815,672.066146,6760.0,1.159219,4194.5,100636.427261,89.400002,101.938618,78.147707,1.0,672.039978
2025-11-14,272.491644,671.956156,6755.25,1.163196,4094.199951,95286.812378,89.589996,101.661983,77.617474,1.0,671.929993
2025-11-17,267.540149,665.695903,6692.0,1.161535,4074.5,92961.20042,88.849998,101.726531,73.227814,1.0,665.669983
2025-11-18,267.520154,660.105719,6639.75,1.159057,4066.5,93824.252674,89.209999,101.772639,73.117638,1.0,660.080017
2025-11-19,268.640484,662.655806,6661.5,1.158118,4082.800049,92327.404307,88.510002,101.781855,74.069211,1.0,662.630005
2025-11-20,266.329794,652.555438,6557.5,1.154068,4060.0,87447.783834,88.139999,101.920172,72.014039,1.0,652.530029
2025-11-21,271.571355,659.055691,6620.25,1.153456,4079.5,85892.058018,89.57,102.279792,76.457559,1.0,659.030029
2025-11-24,276.002706,668.756019,6721.25,1.150761,4094.199951,89101.880573,89.809998,102.68552,80.270923,1.0,668.72998
2025-11-25,277.053008,675.046303,6781.5,1.152007,4140.0,88164.462614,90.639999,102.97137,81.148325,1.0,675.02002
2025-11-26,277.633169,679.706458,6828.0,1.156484,4165.200195,91370.854726,91.040001,103.321774,81.665965,1.0,679.679993
2025-11-28,278.933577,683.416625,6859.5,1.159985,4254.899902,91775.528761,91.339996,103.146572,82.67845,1.0,683.390015
2025-12-01,283.184851,680.296508,6826.75,1.160147,4274.799805,87134.533088,90.290001,102.215245,86.257853,1.0,680.27002
2025-12-02,286.275773,681.556567,6840.25,1.160766,4220.799805,92210.524762,89.970001,102.279792,88.94628,1.0,681.530029
2025-12-03,284.235153,683.916644,6862.0,1.162791,4232.5,94408.634628,90.199997,102.510318,86.965753,1.0,683.890015
2025-12-04,280.784137,684.416663,6866.75,1.166684,4243.0,93009.400122,89.980003,102.3259,83.802045,1.0,684.390015
2025-12-05,278.863548,685.716702,6878.25,1.16428,4243.0,90229.597453,89.879997,102.224468,82.04667,1.0,685.690002
2025-12-08,277.973298,683.656624,6855.75,1.164022,4217.700195,91493.838095,89.190002,102.012381,81.181759,1.0,683.630005
2025-12-09,277.263063,683.066574,6848.25,1.164144,4236.200195,93564.666681,88.849998,101.883287,80.512799,1.0,683.039978
2025-12-10,278.863548,687.59678,6891.75,1.162831,4224.700195,92887.583892,89.169998,102.353562,81.831825,1.0,687.570007
2025-12-11,278.113324,689.196818,6907.25,1.170124,4313.0,93382.592938,89.559998,102.206022,81.071036,1.0,689.169983
2025-12-12,278.363399,681.786556,6830.75,1.173943,4328.299805,91120.566418,89.449997,101.588213,81.203843,1.0,681.76001
2025-12-15,274.192135,680.756487,6823.0,1.173764,4335.200195,87233.66896,89.730003,101.708092,77.426935,1.0,680.72998
2025-12-16,274.692285,678.896429,6801.0,1.175461,4332.299805,88671.285003,89.07,101.938618,77.815208,1.0,678.869995
2025-12-17,271.921466,671.426167,6726.5,1.17495,4373.899902,86955.045978,89.400002,101.827963,75.33591,1.0,671.400024
2025-12-18,272.271577,676.496311,6778.25,1.174233,4364.5,86267.380074,88.93,102.215245,75.571785,1.0,676.469971
2025-12-19,273.752032,680.616528,6796.540039,1.172567,4387.299805,88933.126414,88.589996,101.551328,76.839914,1.0,680.590027
2025-12-22,271.05121,684.856683,6930.25,1.170809,4469.399902,89323.400472,88.239998,101.532889,74.388925,1.0,684.830017
2025-12-23,272.441611,687.98681,6961.0,1.176595,4505.700195,88237.251104,88.18,101.634321,75.591471,1.0,687.960022
2025-12-24,273.892058,690.406887,6982.5,1.179551,4502.799805,88437.076406,88.760002,102.030827,76.905182,1.0,690.380005
2025-12-26,273.481931,690.336877,6979.25,1.178536,4552.700195,88123.620622,88.860001,102.021604,76.382176,1.0,690.309998
2025-12-29,273.842055,687.876759,6955.0,1.177274,4343.600098,87958.793729,89.040001,102.159921,76.66076,1.0,687.849976
2025-12-30,273.161828,687.036761,6944.25,1.177288,4386.299805,89262.953693,89.220001,102.04005,75.970647,1.0,687.01001
2025-12-31,271.941461,681.946536,6892.5,1.174729,4341.100098,88332.972305,88.489998,101.606659,74.891735,1.0,681.919983
2026-01-02,271.091231,683.196584,6900.5,1.175047,4329.600098,90791.780101,88.519997,101.578997,74.035732,1.0,683.169983
2026-01-05,267.340107,687.746749,6943.75,1.170467,4451.5,94766.725607,88.720001,101.864848,70.628643,1.0,687.719971
2026-01-06,262.438614,691.836935,6987.75,1.171495,4496.100098,94611.756311,89.370003,101.864848,66.348954,1.0,691.809998
2026-01-07,260.408007,689.606868,6963.25,1.168825,4462.5,92167.979377,88.5,101.938618,64.564915,1.0,689.580017
2026-01-08,259.117642,689.536858,6962.0,1.167679,4460.700195,91884.403939,89.290001,101.65276,63.433793,1.0,689.51001
2026-01-09,259.447728,694.097033,7005.0,1.165787,4500.899902,91365.53951,89.470001,102.021604,63.67389,1.0,694.070007
2026-01-12,260.327996,695.187041,7016.5,1.162372,4614.700195,92051.833237,89.589996,101.901733,64.382367,1.0,695.159973
2026-01-13,261.128224,693.797034,7001.75,1.166698,4599.100098,96219.506576,90.089996,102.123036,65.024297,1.0,693.77002
2026-01-14,260.037901,690.386867,6966.25,1.164253,4635.700195,97842.193071,90.870003,102.381224,64.057998,1.0,690.359985
2026-01-15,258.287376,692.266945,6981.75,1.164632,4623.700195,96451.073337,91.5,102.25213,62.553211,1.0,692.23999
2026-01-16,255.606581,691.686905,6976.75,1.160901,4595.399902,96424.757499,92.620003,101.957057,60.249297,1.0,691.659973
2026-01-20,246.773932,677.606401,6829.5,1.163914,4765.799805,89142.604274,90.900002,101.339248,52.901389,1.0,677.580017
2026-01-21,247.724214,685.426713,6910.0,1.172787,4837.5,90218.698894,91.260002,101.947834,53.624193,1.0,685.400024
2026-01-22,248.424436,689.006808,6945.0,1.167297,4913.399902,90304.996234,90.360001,102.141475,54.162829,1.0,688.97998
2026-01-23,248.11433,689.256818,6945.75,1.175461,4979.700195,90346.808213,90.540001,102.206022,53.856691,1.0,689.22998
2026-01-26,255.486549,692.756954,6981.25,1.185846,5082.5,89098.426471,90.419998,102.289015,59.749755,1.0,692.72998
2026-01-27,258.347392,695.517071,7008.5,1.187648,5082.600098,89941.724102,90.389999,102.17836,62.114304,1.0,695.48999
2026-01-28,256.516857,695.447061,7007.25,1.201764,5303.600098,90024.496365,89.459999,102.030827,60.5474,1.0,695.419983
2026-01-29,258.357405,694.067003,6992.75,1.197777,5318.399902,85357.973461,90.709999,102.058489,62.043418,1.0,694.039978
2026-01-30,259.557777,691.996915,6965.75,1.196573,4745.100098,84920.966511,90.800003,101.957057,63.021521,1.0,691.969971
2026-02-02,270.090931,695.437051,7002.5,1.184918,4652.600098,79429.843864,89.860001,101.486781,72.062344,1.0,695.409973
2026-02-03,269.560774,689.556878,6941.75,1.179871,4935.0,76345.851551,89.660004,101.532889,71.557314,1.0,689.530029
2026-02-04,276.572854,686.216721,6906.25,1.181614,4950.799805,73707.391038,90.949997,101.403795,77.759274,1.0,686.190002
2026-02-05,275.992693,677.64638,6820.75,1.180164,4889.5,63292.616007,90.82,101.89251,77.169564,1.0,677.619995
2026-02-06,278.203347,690.646886,6952.75,1.177787,4979.799805,71219.870036,92.25,101.947834,79.138694,1.0,690.619995
2026-02-09,274.702298,693.977033,6983.25,1.182578,5079.399902,70781.167579,92.639999,101.947834,75.8979,1.0,693.950012
2026-02-10,273.762014,692.146945,6961.5,1.190405,5031.0,69441.851485,93.879997,102.187583,75.02025,1.0,692.119995
2026-02-11,275.582567,691.986966,6960.5,1.188962,5098.5,67622.888422,93.360001,102.076928,76.628835,1.0,691.960022
2026-02-12,261.808451,681.296547,6851.0,1.187606,4948.399902,66845.510508,93.25,102.556426,64.476275,1.0,681.27002
2026-02-13,255.856655,681.776546,6850.5,1.186845,5046.299805,69506.335935,94.589996,102.8976,59.348625,1.0,681.75
2026-02-17,263.959089,682.876564,6860.5,1.184988,4905.899902,68129.868533,95.489998,102.999032,66.121532,1.0,682.849976
2026-02-18,264.429231,686.316701,6894.25,1.185185,5009.5,67050.90338,94.370003,102.8976,66.505248,1.0,686.289978
2026-02-19,260.658082,684.506633,6877.0,1.178884,4997.399902,67588.118709,94.169998,102.980593,63.196115,1.0,684.47998
2026-02-20,264.659281,689.456838,6923.25,1.176914,5080.899902,68645.886087,94.879997,102.8976,66.612166,1.0,689.429993
2026-02-23,266.259766,682.416586,6851.5,1.183474,5225.600098,65225.288412,94.889999,103.008255,67.891692,1.0,682.390015
2026-02-24,272.221574,687.37674,6903.75,1.179384,5176.299805,64683.538589,95.129997,102.980593,73.121703,1.0,687.349976
2026-02-25,274.312197,693.177014,6959.75,1.177523,5226.200195,68600.162613,94.870003,102.952931,74.954403,1.0,693.150024
2026-02-26,273.031815,689.326828,6920.0,1.181516,5194.200195,68089.042313,95.519997,103.017478,73.754997,1.0,689.299988
2026-02-27,264.259167,686.016701,6889.0,1.180303,5247.899902,66502.261126,95.690002,102.980593,65.960443,1.0,685.98999
2026-03-02,264.799337,686.406731,6888.25,1.175945,5311.600098,69423.571558,95.93,102.279792,66.385152,1.0,686.380005
2026-03-03,263.829045,680.356508,6824.75,1.169727,5123.700195,68936.827121,95.419998,102.233691,65.486051,1.0,680.330017
2026-03-04,262.598666,685.156682,6876.0,1.161224,5134.700195,73395.354748,95.540001,102.3259,64.378439,1.0,685.130005
2026-03-05,260.368017,681.336526,6835.25,1.163562,5078.700195,71508.295412,94.580002,101.920172,62.400098,1.0,681.309998
2026-03-06,257.537152,672.406186,6743.75,1.160807,5158.700195,68778.190799,93.550003,101.578997,59.927046,1.0,672.380005
2026-03-09,259.95789,678.29643,6801.0,1.152326,5103.700195,69046.585539,93.760002,102.187583,61.900076,1.0,678.27002
2026-03-10,260.908157,677.206361,6787.25,1.161723,5242.100098,70585.482467,93.620003,101.486781,62.677119,1.0,677.179993
2026-03-11,260.888162,676.356352,6779.5,1.16113,5179.100098,70866.061197,92.650002,100.656893,62.619516,1.0,676.330017
2026-03-12,255.836645,666.085933,6677.5,1.154321,5125.799805,71157.357104,92.010002,100.112848,58.279805,1.0,666.059998
2026-03-13,250.194955,662.315766,6636.0,1.152167,5061.700195,71636.633427,92.160004,99.744005,53.529663,1.0,662.289978
2026-03-16,252.895777,669.05608,6704.75,1.143511,5002.200195,75566.1157,92.93,100.223503,55.642289,1.0,669.030029
2026-03-17,254.306188,670.816097,6721.75,1.149954,5008.200195,74618.666651,93.339996,100.785987,56.781611,1.0,670.789978
2026-03-18,250.014909,661.455747,6626.0,1.153948,4896.200195,71916.557612,91.959999,100.241942,53.180636,1.0,661.429993
2026-03-19,249.034619,659.825679,6609.25,1.146447,4605.700195,70571.216554,91.589996,100.684555,52.331881,1.0,659.799988
2026-03-20,248.064328,648.595261,6594.629883,1.157756,4574.899902,71186.756399,88.75,99.448932,51.507314,1.0,648.570007
2026-03-23,251.565376,655.405524,6634.75,1.156016,4407.299805,71582.724205,89.440002,100.103625,54.262518,1.0,655.380005
2026-03-24,251.715415,653.205426,6606.0,1.160712,4402.0,71181.985323,87.910004,99.900761,54.34455,1.0,653.179993
2026-03-25,252.695705,656.845583,6640.75,1.161467,4552.299805,71981.46791,87.839996,100.260388,55.106783,1.0,656.820007
2026-03-26,252.96579,645.115145,6525.0,1.15615,4376.299805,69439.493548,87.720001,99.476594,55.290192,1.0,645.090027
2026-03-27,248.874568,634.114717,6412.25,1.153509,4492.5,66963.139231,87.0,99.236852,51.854955,1.0,634.090027
2026-03-30,246.703919,631.994578,6388.25,1.149201,4526.0,67319.534703,87.330002,99.873099,49.927493,1.0,631.969971
2026-03-31,253.866054,650.36535,6570.75,1.146,4647.600098,68875.92295,88.699997,100.50013,55.795743,1.0,650.340027
2026-04-01,255.706617,655.265504,6617.75,1.157421,4813.100098,68719.707653,89.019997,100.195841,57.308853,1.0,655.23999
2026-04-02,255.996697,655.855554,6622.25,1.159057,4679.700195,67518.516195,90.230003,100.620008,57.513192,1.0,655.830017
2026-04-06,258.937565,658.95565,6651.0,1.151,4684.700195,69508.338999,90.360001,100.463245,59.887925,1.0,658.929993
2026-04-07,253.575973,659.245639,6656.75,1.154121,4684.700195,72618.229188,90.489998,100.5739,55.266165,1.0,659.219971
2026-04-08,258.977586,676.036332,6823.75,1.168661,4777.200195,71793.187825,92.120003,100.961182,59.801531,1.0,676.01001
2026-04-09,260.568058,679.936447,6863.25,1.165936,4818.0,72443.726079,92.779999,100.961182,61.122731,1.0,679.909973
2026-04-10,260.558076,679.486479,6855.25,1.169126,4787.399902,73666.351894,92.980003,100.693771,61.085696,1.0,679.460022
2026-04-13,259.277694,686.126691,6922.75,1.167515,4767.399902,75186.125085,93.330002,101.08106,59.878204,1.0,686.099976
2026-04-14,258.907557,694.487063,7004.75,1.176886,4850.100098,74880.239935,94.220001,101.413018,59.516943,1.0,694.460022
2026-04-15,266.509841,699.967257,7060.5,1.179941,4823.600098,75509.580415,94.290001,101.376133,66.133898,1.0,699.940002
2026-04-16,263.478934,701.687294,7077.0,1.180916,4808.299805,75859.903608,95.160004,100.905858,63.404003,1.0,701.659973
2026-04-17,270.310998,710.167666,7161.5,1.178273,4879.600098,77853.243602,96.68,101.468342,69.4383,1.0,710.140015
2026-04-20,273.13182,708.747567,7148.0,1.174122,4828.799805,76587.078757,97.029999,101.459119,71.883285,1.0,708.719971
2026-04-21,266.249784,704.107433,7100.0,1.178439,4719.600098,77071.851675,95.309998,101.071837,65.638752,1.0,704.080017
2026-04-22,273.251882,711.237715,7171.25,1.174426,4753.0,78939.605895,94.519997,101.265478,71.890227,1.0,711.210022
2026-04-23,273.511939,708.477598,7143.5,1.170604,4724.0,79006.077637,95.489998,100.988844,72.088479,1.0,708.450012
2026-04-24,271.141234,713.967802,7194.75,1.168388,4740.899902,78184.774274,95.300003,101.062614,69.902769,1.0,713.940002
2026-04-27,267.690187,715.19783,7206.0,1.170645,4693.700195,78095.251529,94.779999,100.776764,66.672052,1.0,715.169983
2026-04-28,270.791123,711.717714,7171.0,1.172347,4608.399902,77069.73032,95.650002,100.822865,69.419572,1.0,711.690002
2026-04-29,270.250983,711.607725,7168.0,1.171783,4561.5,76489.78034,94.900002,100.260388,68.893418,1.0,711.580017
2026-04-30,271.431329,718.687956,7243.75,1.16847,4629.600098,77022.942226,96.330002,100.371036,69.92127,1.0,718.659973
2026-05-01,280.223972,720.678085,7258.0,1.17291,4644.5,78915.277348,96.059998,100.14051,77.9392,1.0,720.650024
2026-05-04,276.912952,718.037968,7230.25,1.172663,4533.299805,80579.712734,95.459999,99.817775,74.798534,1.0,718.01001
2026-05-05,284.265161,723.798202,7287.25,1.169194,4568.5,81689.212776,95.760002,100.186618,81.571868,1.0,723.77002
2026-05-06,287.596176,733.858591,7389.5,1.171577,4694.299805,82194.402747,97.089996,100.684555,84.663807,1.0,733.830017
2026-05-07,287.526148,731.608503,7363.0,1.174743,4710.899902,80763.513527,96.389999,100.269604,84.563696,1.0,731.580017
2026-05-08,293.407915,737.648717,7419.0,1.173158,4730.700195,80941.951789,96.620003,100.693771,90.099037,1.0,737.619995
2026-05-11,292.767708,739.328775,7436.75,1.176886,4728.700195,82498.000934,96.690002,100.444806,89.404656,1.0,739.299988
2026-05-12,294.888339,738.208736,7426.5,1.177995,4686.700195,81235.416368,96.690002,100.103625,91.39293,1.0,738.179993
2026-05-13,298.959566,742.338902,7469.5,1.173544,4706.700195,80023.736427,95.889999,100.158956,95.246031,1.0,742.309998
2026-05-14,298.299364,748.199115,7525.5,1.171605,4685.299805,81814.57774,95.32,100.094409,94.580982,1.0,748.169983
2026-05-15,300.319989,739.198765,7432.25,1.166208,4561.899902,79810.307643,93.910004,99.458155,96.49143,1.0,739.169983
2026-05-18,297.929258,738.678786,7425.75,1.16144,4558.0,77678.913987,95.010002,99.273737,94.087354,1.0,738.650024
2026-05-19,299.059602,733.75855,7378.0,1.165515,4511.200195,77473.734038,95.279999,98.7758,95.129442,1.0,733.72998
2026-05-20,302.340584,741.278863,7451.75,1.160712,4535.299805,78187.258388,96.489998,99.541141,98.23495,1.0,741.25
2026-05-21,305.081395,742.748891,7466.0,1.162534,4542.5,78269.423423,96.669998,99.744005,100.894051,1.0,742.719971
2026-05-22,308.91256,745.669048,7491.0,1.162115,4523.200195,76199.178407,96.769997,99.92843,104.583631,1.0,745.640015
2026-05-26,308.422392,750.619253,7537.0,1.163738,4502.299805,76539.849042,97.220001,100.306489,103.99114,1.0,750.590027
2026-05-27,310.943167,750.489243,7540.0,1.163684,4448.399902,75044.869676,96.919998,100.444806,106.418041,1.0,750.460022
2026-05-28,312.603668,754.629358,7581.75,1.161791,4499.299805,74229.110226,96.550003,100.749102,108.023095,1.0,754.599976
2026-05-29,312.153521,756.509436,7595.75,1.165284,4593.0,74063.534156,95.699997,100.841311,107.555285,1.0,756.47998
2026-06-01,306.401798,758.569514,7613.25,1.16489,4506.299805,71991.451684,94.089996,100.444806,101.974143,1.0,758.539978
2026-06-02,315.294477,759.599583,7623.75,1.163548,4519.899902,67331.860641,94.519997,100.435583,110.61517,1.0,759.570007
2026-06-03,310.352994,754.269359,7571.75,1.16221,4466.899902,64617.244283,94.410004,100.158956,105.765883,1.0,754.23999
2026-06-04,311.323286,757.119506,7601.0,1.160941,4505.0,64402.447264,96.099998,100.371036,106.684958,1.0,757.090027
2026-06-05,307.432105,737.578707,7400.5,1.161265,4365.299805,61496.427935,96.790001,99.744005,102.859131,1.0,737.549988
2026-06-08,301.630379,739.248754,7416.0,1.15226,4363.399902,63684.766952,95.470001,99.642573,97.154906,1.0,739.219971
2026-06-09,290.637065,737.078687,7392.75,1.152844,4286.399902,62224.332546,97.669998,99.965315,86.52527,1.0,737.049988
2026-06-10,291.667372,725.458239,7278.5,1.153536,4133.299805,62028.008662,97.68,99.734789,87.477937,1.0,725.429993
2026-06-11,295.718604,737.788737,7396.0,1.153562,4114.0,64159.662559,97.610001,100.583123,91.325146,1.0,737.76001
2026-06-12,291.217256,741.778882,7435.0,1.157595,4238.799805,64141.63893,98.510002,100.518576,86.969673,1.0,741.75
2026-06-15,296.50885,754.859409,7561.25,1.160308,4351.600098,66913.803934,97.82,100.50013,91.972037,1.0,754.830017
2026-06-16,299.329672,750.359233,7518.5,1.15942,4354.399902,66218.456991,98.059998,100.620008,94.668568,1.0,750.330017
2026-06-17,296.038708,740.988873,7424.5,1.160995,4381.399902,65025.127952,95.610001,100.297266,91.500329,1.0,740.960022
2026-06-18,298.099323,746.769067,7508.430176,1.150735,4245.899902,63488.8216,95.559998,100.5739,93.460582,1.0,746.73999
2026-06-22,297.099023,744.419,7541.25,1.146276,4202.700195,64554.396194,96.589996,100.306489,92.389541,1.0,744.390015
2026-06-23,294.388189,733.608581,7437.5,1.142714,4149.399902,63258.21694,97.860001,100.426367,89.738313,1.0,733.580017
2026-06-24,293.167822,733.268541,7428.25,1.137954,4008.800049,61569.575241,97.010002,100.887419,88.52947,1.0,733.23999
2026-06-25,275.232456,734.32858,7423.25,1.135422,4047.600098,60284.124994,97.190002,100.970405,71.454007,1.0,734.299988
2026-06-26,283.865047,729.018376,7401.75,1.13617,4096.299805,60581.654846,98.669998,100.970405,79.536884,1.0,728.98999
2026-06-29,281.824427,741.028853,7500.25,1.138563,4038.899902,60704.752563,98.150002,101.154823,77.536767,1.0,741.0
2026-06-30,289.446706,746.799097,7548.25,1.142204,4038.5,59110.357369,96.43,100.5739,84.774662,1.0,746.77002
2026-07-01,294.46823,745.789048,7543.5,1.141331,4082.399902,60568.863629,96.82,100.011416,89.560091,1.0,745.76001
2026-07-02,308.722501,744.80903,7528.25,1.137799,4125.700195,62064.359533,98.019997,100.177395,103.387603,1.0,744.780029
2026-07-06,312.753707,751.309283,7591.5,1.143772,4167.5,64597.710471,97.239998,100.205057,107.28968,1.0,751.280029
2026-07-07,310.753108,747.739136,7551.25,1.144178,4157.399902,63893.519293,98.400002,99.476594,105.283371,1.0,747.710022
2026-07-08,313.483937,745.429049,7528.75,1.140381,4082.399902,62843.906119,96.800003,99.282953,107.953499,1.0,745.400024
2026-07-09,316.314772,751.739292,7588.75,1.142204,4140.799805,63788.291426,97.089996,99.319838,110.675192,1.0,751.710022
2026-07-10,315.414508,754.979408,7620.25,1.143341,4113.700195,64731.079803,97.32,99.089312,109.781079,1.0,754.950012
2026-07-13,317.405095,749.199154,7563.0,1.140446,4005.699951,62825.279205,97.830002,98.62826,111.706962,1.0,749.169983
2026-07-14,314.954348,751.859292,7591.25,1.138433,4069.699951,65567.859592,97.57,98.858786,109.209105,1.0,751.830017
2026-07-15,327.598151,754.839388,7614.75,1.142465,4051.800049,65321.825822,97.860001,99.199967,121.686837,1.0,754.809998
2026-07-16,333.359887,750.749202,7577.75,1.147026,3992.100098,64390.038522,100.07,99.126197,127.394314,1.0,750.719971
2026-07-17,333.840011,743.31892,7497.75,1.144466,4018.800049,64501.255865,100.019997,99.181521,127.857362,1.0,743.289978
2026-07-20,326.687875,742.118922,7484.25,1.142766,4015.899902,65844.353333,99.480003,98.803462,120.688604,1.0,742.090027
2026-07-21,327.838213,748.309166,7545.75,1.141813,4076.399902,67131.459656,99.519997,98.526828,121.815489,1.0,748.280029
2026-07-22,325.987683,747.439076,7540.25,1.140381,4151.899902,66723.323633,99.019997,98.360849,119.973063,1.0,747.409973
2026-07-23,321.756404,738.208736,7445.0,1.141175,4050.199951,65657.394165,98.690002,97.98279,115.809405,1.0,738.179993
2026-07-24,333.119794,738.958765,7447.5,1.137682,4070.800049,64702.165502,100.809998,97.955128,127.078624,1.0,738.929993
2026-07-27,337.010975,739.118806,7448.25,1.139497,4077.0,64325.049363,100.540001,98.213316,130.877226,1.0,739.090027
2026-07-28,340.181908,740.888833,7465.25,1.136945,4038.699951,64472.893589,100.949997,98.508389,133.953626,1.0,740.859985
2026-07-29,338.291357,729.488426,7351.25,1.138654,4036.300049,64510.044897,100.660004,97.945905,131.979563,1.0,729.460022
2026-07-30,333.529921,741.718882,7472.5,1.146723,4100.100098,65334.881222,99.489998,98.121107,127.20557,1.0,741.690002
2026-07-31,309.002583,747.059117,7519.25,1.152353,4107.0,63405.315932,98.949997,97.973567,102.868359,1.0,747.030029
2026-08-03,303.510948,757.699485,7628.25,1.154401,4090.5,64058.563053,99.07,97.844473,97.448658,1.0,757.669983
2026-08-04,309.472725,771.360051,7765.5,1.150735,4152.600098,64659.221871,98.919998,98.443842,103.278969,1.0,771.330017
2026-08-05,311.093206,769.819952,7749.5,1.153243,4305.200195,65205.868948,98.919998,98.425396,104.853075,1.0,769.789978
2026-08-06,312.503632,768.589924,7734.75,1.155735,4299.600098,64867.32361,98.040001,98.074999,106.230275,1.0,768.559998
2026-08-07,313.423891,773.290119,7779.75,1.152472,4399.700195,65491.222696,98.43,98.250201,107.087663,1.0,773.26001
2026-08-10,308.352395,773.06013,7776.75,1.155642,4419.700195,64512.485638,97.110001,97.706156,102.009589,1.0,773.030029
2026-08-11,305.001384,770.590002,7747.5,1.154641,4441.100098,64150.396418,96.379997,97.733818,98.674214,1.0,770.559998
2026-08-12,302.340584,772.520069,7770.5,1.154374,4467.5,63999.547597,97.309998,97.853696,96.006729,1.0,772.48999
2026-08-13,305.351495,777.910294,7822.5,1.153004,4420.399902,63999.283413,98.580002,98.250201,98.947248,1.0,777.880005
2026-08-14,306.021679,776.370256,7805.0,1.153536,4437.299805,63568.687843,98.830002,97.853696,99.572971,1.0,776.340027
2026-08-17,305.681581,772.700069,7768.75,1.157394,4473.700195,65113.763513,97.980003,97.466407,99.164084,1.0,772.669983
2026-08-18,310.122914,767.479895,7714.0,1.158279,4420.600098,65289.863552,97.620003,97.595501,103.521988,1.0,767.450012
2026-08-19,316.92494,769.089943,7729.0,1.157943,4545.299805,69918.525402,98.610001,98.26864,110.242198,1.0,769.059998
2026-08-20,311.393284,762.62967,7662.5,1.167379,4571.399902,73720.568672,98.599998,97.798365,104.736697,1.0,762.599976
2026-08-21,309.442718,765.749786,7691.25,1.168784,4680.600098,79072.935796,98.5,97.669271,102.786124,1.0,765.719971
2026-08-24,310.433004,763.499699,7669.75,1.168156,4697.799805,79708.159289,99.099998,97.90902,103.680986,1.0,763.469971
2026-08-25,309.99287,765.939796,7692.0,1.166834,4694.5,79304.888976,99.25,98.536051,103.210704,1.0,765.909973
2026-08-26,313.543952,766.109847,7690.0,1.167474,4653.299805,79771.689524,98.610001,98.462281,106.700366,1.0,766.080017
2026-08-27,314.674265,771.130001,7742.5,1.165488,4664.0,81013.391759,97.650002,98.41618,107.789865,1.0,771.099976
2026-08-28,319.795826,769.379933,7722.0,1.165637,4529.899902,78563.282306,97.239998,98.065776,112.904421,1.0,769.349976
2026-08-31,316.944965,767.079855,7699.0,1.158896,4481.5,79288.391303,96.440002,97.936682,110.001845,1.0,767.049988
2026-09-01,325.227446,761.809692,7642.75,1.161764,4396.399902,78132.59999,96.300003,97.023801,118.231363,1.0,761.780029
2026-09-02,325.057381,765.189767,7676.5,1.159555,4414.600098,78028.480116,95.779999,97.143672,118.037816,1.0,765.159973
2026-09-03,328.308355,773.200089,7754.75,1.158534,4539.899902,82037.146487,96.660004,97.281989,121.232019,1.0,773.169983
2026-09-04,320.065895,770.219992,7722.0,1.162831,4476.600098,80422.306639,96.019997,97.26355,113.009294,1.0,770.190002
2026-09-08,316.314772,765.989847,7680.5,1.162764,4439.0,79177.300138,95.93,97.26355,109.198488,1.0,765.960022
2026-09-09,315.434503,762.429711,7643.75,1.162737,4460.700195,78996.559142,94.940002,97.106787,108.304724,1.0,762.400024
2026-09-10,326.66788,757.859525,7598.5,1.163386,4407.299805,77289.231384,94.120003,96.230791,119.510055,1.0,757.830017
2026-09-11,332.36957,764.319738,7659.5,1.160995,4408.899902,77900.60738,94.800003,96.193906,125.225269,1.0,764.289978
2026-09-14,333.17981,760.909632,7625.0,1.159393,4351.899902,78899.51308,94.330002,96.175467,125.989757,1.0,760.880005
2026-09-15,331.439298,757.419506,7589.25,1.154854,4332.799805,76324.614346,94.099998,96.157021,124.227903,1.0,757.390015
2026-09-16,332.509626,754.079349,7556.5,1.153762,4387.5,76867.491878,93.480003,96.313777,125.292759,1.0,754.049988
2026-09-17,337.100998,762.62967,7640.0,1.146986,4399.700195,77123.331985,93.809998,96.968477,129.83983,1.0,762.599976
2026-09-18,336.230742,761.719661,7657.350098,1.147605,4424.899902,81663.377988,92.910004,96.544303,128.960074,1.0,761.690002
2026-09-21,339.081602,773.530119,7833.5,1.147974,4383.899902,87418.526489,93.809998,96.903923,131.755164,1.0,773.5
2026-09-22,339.851822,773.410119,7831.75,1.14646,4376.399902,86983.838045,93.620003,96.903923,132.493933,1.0,773.380005
2026-09-23,337.120993,767.839895,7772.5,1.144794,4318.399902,85177.713516,91.449997,95.7974,129.76103,1.0,767.809998
2026-09-24,336.020688,767.209865,7767.0,1.138187,4298.0,85173.731047,91.169998,95.115045,128.669556,1.0,767.179993
2026-09-25,341.172225,771.38001,7803.75,1.137475,4321.200195,84826.34936,90.989998,95.170369,133.79182,1.0,771.349976
2026-09-28,338.501412,765.639797,7746.75,1.137799,4168.399902,84289.023626,90.589996,94.488014,131.074442,1.0,765.609985
2026-09-29,329.498714,764.229769,7732.0,1.137268,4179.700195,84409.972387,90.529999,94.43269,122.037532,1.0,764.200012
2026-09-30,333.119794,762.6597,7715.5,1.134083,4186.700195,84340.748404,89.629997,94.220603,125.599507,1.0,762.630005
2026-10-01,330.419003,764.019738,7724.0,1.132721,4202.299805,85652.234534,89.169998,94.082286,122.859033,1.0,763.98999
2026-10-02,333.790009,769.669983,7777.25,1.125746,4162.299805,85292.992188,89.5,93.897868,126.202444,1.0,769.640015
