ticket_id,event_timestamp_utc,event_type,actor,previous_status,new_status,decision,symbol,remediation_action,event_details,audit_hash
VIT-16681C729449,2026-10-03T12:56:49+00:00,TICKET_CREATED,VITTANTRA_SYSTEM,,AWAITING_DUAL_APPROVAL,PENDING_REVIEW,AAPL_CALL,REDUCE_AND_FREEZE,Day 70 decision ticket created from Day 69 remediation recommendation.,b001464a60db25157de1073ec20d9cb6fcfc170f082a5249b1b49e8e07be8d63
VIT-BD443B88FB1E,2026-10-03T12:56:49+00:00,TICKET_CREATED,VITTANTRA_SYSTEM,,AWAITING_DUAL_APPROVAL,PENDING_REVIEW,ES,REDUCE_AND_FREEZE,Day 70 decision ticket created from Day 69 remediation recommendation.,ba7062236b52a1f2be2a55bf74ce25e790ba948f7ef7a7c82c777302b1c1af45
VIT-2DA4F7462262,2026-10-03T12:56:49+00:00,TICKET_CREATED,VITTANTRA_SYSTEM,,AWAITING_RISK_REVIEW,PENDING_REVIEW,BTC,REVIEW_AND_MONITOR,Day 70 decision ticket created from Day 69 remediation recommendation.,87d0cae6df259a53fd8634e005488b0d88bccb2e5157c9872890b6e809590e35
VIT-00811D35167A,2026-10-03T12:56:49+00:00,TICKET_CREATED,VITTANTRA_SYSTEM,,CLOSED_NO_ACTION,NO_ACTION_REQUIRED,GOLD,HOLD,Day 70 decision ticket created from Day 69 remediation recommendation.,6606cf8198964bf2b27721af9fd695147720ce629e081f3e652beac31ac3e56c
VIT-2DBF2B7C34D5,2026-10-03T12:56:49+00:00,TICKET_CREATED,VITTANTRA_SYSTEM,,CLOSED_NO_ACTION,NO_ACTION_REQUIRED,AAPL,HOLD,Day 70 decision ticket created from Day 69 remediation recommendation.,cf14e7b5a30592a32b76b1e03abc2a34e0e23ba899066b7535b67b4c630e12b5
VIT-6E83D67C2503,2026-10-03T12:56:49+00:00,TICKET_CREATED,VITTANTRA_SYSTEM,,CLOSED_NO_ACTION,NO_ACTION_REQUIRED,SPY,HOLD,Day 70 decision ticket created from Day 69 remediation recommendation.,c91eac2f7dd780d7272e36dfd916029174b425f47ea84d027bed4db39bfca672
VIT-FA77313470DE,2026-10-03T12:56:49+00:00,TICKET_CREATED,VITTANTRA_SYSTEM,,CLOSED_NO_ACTION,NO_ACTION_REQUIRED,REIT,HOLD,Day 70 decision ticket created from Day 69 remediation recommendation.,f45a095fa579cc802d635ee01ab0f628ba0ae2a3a10024f8393e67430d028a84
VIT-8ECB74A5523F,2026-10-03T12:56:49+00:00,TICKET_CREATED,VITTANTRA_SYSTEM,,CLOSED_NO_ACTION,NO_ACTION_REQUIRED,CORP_BOND,HOLD,Day 70 decision ticket created from Day 69 remediation recommendation.,7b1a8d7fc2203e9020c62d3d821507e1e556e79b4737a253cf54d624ed1d2584
VIT-33F303D07797,2026-10-03T12:56:49+00:00,TICKET_CREATED,VITTANTRA_SYSTEM,,CLOSED_NO_ACTION,NO_ACTION_REQUIRED,EURUSD,HOLD,Day 70 decision ticket created from Day 69 remediation recommendation.,4055915fad4f1fd63e2ad8e1e6aaa8e56b8285f4e23728c047918f5766f0418b
VIT-B91EB3B8216A,2026-10-03T12:56:49+00:00,TICKET_CREATED,VITTANTRA_SYSTEM,,CLOSED_NO_ACTION,NO_ACTION_REQUIRED,USD,HOLD,Day 70 decision ticket created from Day 69 remediation recommendation.,5963124e8c6639eb3ec7ba62d37a7aff8784f55303eb6582eccb2f4b7ef3ad50
