date,fundamental,technical,quant,economic,risk,composite,composite_ic_weighted
2023-07-27,,,-0.025735294117647214,,,,
2023-08-24,,,-0.19485294117647076,,,,
2023-09-22,,,-0.1737967914438501,,,,
2023-10-20,,,0.34324866310160446,,,,
2023-11-17,,,-0.03409090909090901,,,,
2023-12-18,,0.27339572192513384,-0.12332887700534753,,,,
2024-01-18,,0.40608288770053463,0.27874331550802156,,-0.12165775401069512,0.48702984120641485,0.40608288770053463
2024-02-15,,-0.09525401069518717,0.06584224598930516,,-0.029077540106952002,-0.08578597236853758,-0.09525401069518717
2024-03-15,,0.05514705882352941,0.44184491978609586,,-0.15207219251336887,0.2580916037376895,0.05414438502673806
2024-04-15,,-0.3643048128342247,0.05581550802139043,,0.2573529411764706,-0.11357368693317642,-0.33656417112299475
2024-05-13,,0.13502673796791445,0.19284759358288783,,-0.03843582887700534,0.20225858884140369,0.2102272727272727
2024-06-11,,0.25401069518716574,-0.09124331550802127,,-0.35227272727272724,-0.14062371775294044,0.12867647058823534
2024-07-11,,-0.43215240641711233,0.197192513368984,,0.050133689839572074,-0.19583582767890179,-0.25802139037433147
2024-08-08,,0.05133350933430747,-0.45153743315508027,,0.016711229946524086,-0.239324810729453,-0.42680481283422467
2024-09-06,,-0.025578870411022792,0.4438502673796792,,-0.4010695187165776,0.00935985304733483,0.3135026737967915
2024-10-04,,0.04078903604768596,0.08790106951871644,,0.11764705882352941,0.12474919178738608,0.07586898395721912
2024-11-01,,0.14174676584291912,-0.35528074866310166,,0.10929144385026741,-0.0045135408741291076,-0.32486631016042794
2024-12-02,,0.35063963867766496,-0.14572192513368962,,0.12366310160427796,0.24234830350655923,0.0925802139037435
2024-12-31,,0.12838516264189684,0.33522727272727254,,-0.21290106951871646,0.1855721970995773,0.24097593582887694
2025-01-31,,-0.4591590118306476,0.2423128342245989,,0.384692513368984,0.13337790592452048,-0.342245989304813
2025-03-03,,-0.5933608169126761,-0.029411764705882623,,0.30581550802139046,-0.15295888517882267,-0.3191844919786098
2025-03-31,,0.4147505146402018,0.12433155080213898,,-0.01336898395721927,0.3109588167614541,0.12733957219251332
2025-04-29,,-0.10147957084634558,-0.14137700534759365,,-0.22526737967914442,-0.2567917970675235,-0.15274064171122997
2025-05-28,,0.10982949460381018,0.07553475935828877,,-0.5411096256684492,-0.232010036544778,0.12399732620320858
2025-06-26,,0.09653679031435711,0.21423796791443878,,-0.18449197860962577,0.10262410305470629,0.24498663101604312
2025-07-25,,-0.14992478899034462,0.31049465240641705,,-0.07286096256684485,0.0685504182538273,0.2787433155080212
2025-08-22,,0.3089009708463615,0.4107620320855615,,-0.43181818181818177,0.3233302965680926,0.43148395721925137
2025-09-22,,-0.14308399948294662,0.1260026737967914,,0.0033422459893048552,-0.014879212199875966,0.034425133689839536
2025-10-20,,0.09294550837095661,0.16544117647058842,,-0.18248663101604287,0.04663602319596048,0.18048128342246006
2025-11-17,,0.28741016823982735,0.1607620320855614,,-0.3064839572192513,0.15864260331661462,0.2349598930481282
2025-12-16,,0.05315948140641036,0.2008689839572191,,-0.1480614973262031,0.16985707410195552,0.20053475935828857
2026-01-15,,0.0688790497342577,0.08054812834224623,,0.4247994652406417,0.37194920166434964,0.09157754010695209
2026-02-13,,-0.07523826393712757,-0.08054812834224612,,0.017379679144385058,-0.1332219013877436,-0.11564171122994664
2026-03-16,,-0.07589435395757947,0.5237299465240642,,-0.4655748663101605,0.04296940851520392,0.5110294117647058
2026-04-14,,0.2495820935212917,0.34358288770053486,,-0.376336898395722,0.16602576908792827,0.41911764705882365
2026-05-12,,-0.33731926936664824,0.14705882352941163,,0.2185828877005348,-0.04246071785291909,0.054144385026737865
2026-06-10,,0.05584818279367678,-0.0033422459893047555,,-0.30982620320855603,-0.2525700037602012,-0.020721925133689808
2026-07-10,,-0.30185526077654684,0.29010695187165747,,0.06049465240641715,-0.017713903743315742,0.23997326203208533
2026-08-07,,0.15596791242824184,-0.13836898395721925,,-0.043783422459892994,-0.006350798050083196,-0.14405080213903748
