symbol,price,sample_price,as_of_date,method,source,proxy_ticker,model_yield,status,note
AAPL,333.510986328125,200.0,2026-10-05,DIRECT,intraday quote,AAPL,,FRESH,Apple common stock
SPY,772.0150146484375,550.0,2026-10-05,DIRECT,intraday quote,SPY,,FRESH,SPDR S&P 500 ETF
ES,7807.75,6000.0,2026-10-05,DIRECT,intraday quote,ES=F,,FRESH,E-mini S&P 500 front-month future
EURUSD,1.1198208332061768,1.1,2026-10-05,DIRECT,intraday quote,EURUSD=X,,FRESH,EUR/USD spot rate
GOLD,4169.7001953125,2600.0,2026-10-05,DIRECT,intraday quote,GC=F,,FRESH,COMEX gold front-month future (USD/oz)
BTC,86050.0,100000.0,2026-10-05,DIRECT,intraday quote,BTC-USD,,FRESH,Bitcoin in USD
REIT,89.38999938964844,100.0,2026-10-05,PROXY,intraday quote,VNQ,,FRESH,Vanguard Real Estate ETF as REIT proxy
CORP_BOND,93.97279428279217,98.5,2026-10-01,MODEL,5Y Treasury + BBB OAS (FRED),LQD,0.0605,FRESH,Priced from 5Y Treasury + BBB spread (FRED); history from LQD returns
AAPL_CALL,125.95104008987877,8.5,2026-10-05,MODEL,Black-Scholes on AAPL intraday quote,AAPL,,FRESH,Black-Scholes on live AAPL; implied volatility is an assumption
USD,1.0,1.0,2026-10-05,CONSTANT,constant,,,FRESH,US dollar cash
