asset_class,symbol,story
Equity,SPY,"S&P 500 ETF -0.2% over 1 month: credit spreads -5.2%, interest rates -3.6%; unexplained +9.5% (macro factors explain 54% of daily moves)."
Equity,EFA,"Developed ex-US ETF -3.9% over 1 month: us dollar -2.9%, interest rates -0.9%, credit spreads -0.5%; unexplained +0.6% (macro factors explain 77% of daily moves)."
Equity,EEM,"Emerging Markets ETF +0.5% over 1 month: us dollar -2.5%, credit spreads +1.2%, interest rates -0.7%; unexplained +2.8% (macro factors explain 63% of daily moves)."
Fixed Income,TLT,"20+Y Treasury ETF -5.3% over 1 month: interest rates -6.3%, credit spreads -0.7%, us dollar +0.5%; unexplained +1.3% (macro factors explain 83% of daily moves)."
Fixed Income,IEF,"7-10Y Treasury ETF -3.2% over 1 month: interest rates -3.2%, credit spreads +0.3%; unexplained -0.2% (macro factors explain 94% of daily moves)."
Fixed Income,TIP,"TIPS ETF -2.7% over 1 month: interest rates -2.7%, credit spreads +0.2%; unexplained -0.2% (macro factors explain 87% of daily moves)."
Fixed Income,LQD,"IG Corporate Bond ETF -3.1% over 1 month: interest rates -3.3%, credit spreads -0.5%; unexplained +0.8% (macro factors explain 85% of daily moves)."
Fixed Income,HYG,"High Yield Corporate ETF -2.5% over 1 month: interest rates -1.2%, credit spreads -0.6%, us dollar -0.3%; unexplained -0.4% (macro factors explain 78% of daily moves)."
FX,EURUSD=X,"Euro / US dollar -2.9% over 1 month: credit spreads -0.9%, us dollar -0.5%; unexplained -1.6% (macro factors explain 13% of daily moves)."
FX,USDJPY=X,"US dollar / Japanese yen -0.6% over 1 month: credit spreads +0.4%, us dollar +0.1%; unexplained -0.9% (macro factors explain 6% of daily moves)."
Commodity,GC=F,"Gold -8.6% over 1 month: us dollar -5.3%, credit spreads -2.6%, interest rates +0.3%; unexplained -0.8% (macro factors explain 18% of daily moves)."
Commodity,CL=F,"WTI crude oil +0.6% over 1 month: credit spreads +11.2%, interest rates +4.1%, us dollar +2.5%; unexplained -18.2% (macro factors explain 44% of daily moves)."
Commodity,HG=F,"Copper -1.0% over 1 month: us dollar -3.5%, credit spreads -1.7%, interest rates -0.6%; unexplained +4.8% (macro factors explain 28% of daily moves)."
Commodity,DBC,"Broad Commodity ETF +1.9% over 1 month: us dollar -1.9%, interest rates +1.3%, credit spreads -1.2%; unexplained +3.5% (macro factors explain 67% of daily moves)."
Digital Asset,BTC-USD,"Bitcoin +4.5% over 1 month: credit spreads -3.6%, us dollar -1.6%, interest rates +0.6%; unexplained +9.1% (macro factors explain 25% of daily moves)."
Digital Asset,ETH-USD,"Ether +6.9% over 1 month: credit spreads -4.7%, us dollar -4.5%, interest rates +0.8%; unexplained +15.4% (macro factors explain 25% of daily moves)."
Real Estate,VNQ,"US REIT ETF -6.8% over 1 month: interest rates -3.4%, credit spreads -0.9%, us dollar -0.8%; unexplained -1.7% (macro factors explain 21% of daily moves)."
Real Estate,HST,"Host Hotels & Resorts (upscale hotels) +3.5% over 1 month: interest rates -2.8%, credit spreads -2.4%, us dollar -0.6%; unexplained +9.4% (macro factors explain 19% of daily moves)."
Real Estate,WH,"Wyndham Hotels (Super 8, Days Inn, Microtel) +1.9% over 1 month: interest rates -5.2%, us dollar +2.3%; unexplained +4.9% (macro factors explain 16% of daily moves)."
Real Estate,BXP,"BXP (Boston Properties) -10.8% over 1 month: interest rates -5.2%, credit spreads -1.7%, us dollar -1.4%; unexplained -2.5% (macro factors explain 18% of daily moves)."
Real Estate,PLD,"Prologis -6.2% over 1 month: interest rates -1.9%, us dollar -1.9%, credit spreads -0.6%; unexplained -1.7% (macro factors explain 15% of daily moves)."
Real Estate,EQIX,"Equinix (data centers) -1.2% over 1 month: interest rates -4.1%, credit spreads -1.2%, us dollar +0.1%; unexplained +4.1% (macro factors explain 11% of daily moves)."
Real Estate,BXMT,"Blackstone Mortgage Trust -21.9% over 1 month: interest rates -5.3%, credit spreads -2.6%, us dollar -0.2%; unexplained -13.9% (macro factors explain 14% of daily moves)."
Alternative,BX,"Blackstone -20.5% over 1 month: interest rates -3.1%, credit spreads -2.8%, us dollar +0.3%; unexplained -14.6% (macro factors explain 25% of daily moves)."
Alternative,BIZD,"BDC Income ETF -4.5% over 1 month: interest rates -3.2%, credit spreads -1.9%, us dollar +0.4%; unexplained +0.3% (macro factors explain 24% of daily moves)."
Alternative,DBMF,"Managed Futures ETF +4.7% over 1 month: interest rates +1.9%, us dollar -0.5%; unexplained +3.4% (macro factors explain 25% of daily moves)."
