ticker,earnings_yield,fcf_yield,book_to_price,sales_to_price,ebit_to_ev,revenue_growth,eps_growth,operating_income_growth,roe,roa,gross_margin,operating_margin,accruals_ratio,debt_to_equity,current_ratio,interest_coverage,net_debt_to_ebitda,equity_to_assets
AAPL,True,True,True,True,True,True,True,True,True,True,True,True,True,True,True,False,True,True
MSFT,True,True,True,True,True,True,True,True,True,True,True,True,True,True,True,True,False,True
NVDA,True,True,True,True,True,True,True,True,True,True,True,True,True,True,True,True,True,True
JPM,True,False,True,True,False,True,True,False,True,True,False,False,False,False,False,False,False,True
GS,True,False,True,True,False,True,True,False,True,True,False,False,False,False,False,False,False,True
BLK,True,False,True,True,False,True,True,True,True,True,False,True,False,False,False,False,False,True
JNJ,True,True,True,True,False,True,True,False,True,True,True,False,True,True,True,False,False,True
LLY,True,False,True,True,False,True,True,False,True,True,True,False,True,True,True,False,False,True
UNH,True,True,True,True,True,True,True,True,True,True,True,True,True,True,True,True,True,True
XOM,False,False,True,False,False,False,False,False,False,False,False,False,False,True,True,False,False,True
CVX,True,True,True,True,False,True,True,False,True,True,True,False,True,True,True,False,False,True
COP,True,False,True,True,False,True,True,False,True,True,True,False,True,True,True,False,False,True
CAT,True,True,True,True,False,True,True,True,True,True,True,True,True,False,True,False,False,True
HON,True,True,True,True,True,True,True,True,True,True,True,True,True,True,True,False,True,True
UNP,True,True,True,True,True,True,True,True,True,True,False,True,True,True,True,True,False,True
AMZN,True,True,True,True,True,True,True,True,True,True,True,True,True,True,True,True,True,True
HD,True,True,True,True,True,True,True,True,True,True,True,True,True,True,True,True,True,True
MCD,True,True,False,True,True,True,True,True,False,True,False,True,True,False,True,True,True,True
PG,True,True,True,True,True,True,True,True,True,True,True,True,True,True,True,True,True,True
KO,True,True,True,True,True,True,True,True,True,True,True,True,True,True,True,True,True,True
WMT,True,True,True,True,True,True,True,True,True,True,True,True,True,True,True,True,True,True
GOOGL,True,True,True,True,True,True,True,True,True,True,True,True,True,True,True,True,False,True
META,True,True,True,True,True,True,True,True,True,True,True,True,True,True,True,True,True,True
DIS,True,True,True,True,True,True,True,True,True,True,False,True,True,True,True,True,True,True
NEE,True,False,True,True,True,True,True,True,True,True,False,True,True,True,True,False,True,True
DUK,True,True,True,True,True,True,True,True,True,True,False,True,True,True,True,False,True,True
SO,True,True,True,True,True,True,True,True,True,True,False,True,True,True,True,False,True,True
PLD,True,False,True,True,True,True,True,True,True,True,False,True,True,True,False,True,True,True
AMT,True,True,True,True,True,True,True,True,True,True,False,True,True,True,True,True,True,True
O,True,False,True,True,False,True,True,False,True,True,False,False,True,True,False,False,False,True
LIN,True,True,True,True,True,True,True,True,True,True,False,True,True,True,True,True,True,True
APD,True,False,True,True,True,True,True,True,True,True,True,True,False,True,True,True,True,True
NEM,True,True,True,True,False,True,True,False,True,True,False,False,True,True,True,False,False,True
