date,portfolio_return,gross_portfolio_return,benchmark_return,allocation,selection,interaction,costs
2023-07-27,-0.01398083318057941,-0.012980833180579411,-0.030762116524375285,0.013389661246270444,-0.0005798659907215535,0.004971488088246981,-0.0009999999999999998
2023-08-24,-0.013864843050154703,-0.01215055733586899,-0.0052594898688064235,-0.005403073337664443,0.0005559692470510256,-0.0020439633764491503,-0.001714285714285714
2023-09-22,-0.03027871744232336,-0.0294215745851805,-0.03011657042354448,-0.0016713454648311955,0.003155818300082789,-0.0007894769968876141,-0.000857142857142857
2023-10-20,0.05887527190208372,0.06030384333065515,0.05482882886664704,0.0012127369337241304,0.0027123584283625397,0.00154991910192145,-0.0014285714285714284
2023-11-17,0.016172788079778986,0.0178870737940647,0.04805349754566661,-0.014167433063274842,-0.01016887265117455,-0.005830118037152516,-0.001714285714285714
2023-12-18,0.010718449647742755,0.011289878219171327,-0.0029281605057834923,0.0026371965225970113,0.007221646274513391,0.004359195927844417,-0.0005714285714285714
2024-01-18,0.12872145524148343,0.13043574095576915,0.04185110514849533,0.05130540239727395,0.020722694246207755,0.01655653916379211,-0.001714285714285714
2024-02-15,0.05447755637346963,0.05447755637346963,0.024775126279569397,-0.0035499653116838484,0.01580712795359558,0.017445267451988503,-0.0
2024-03-15,0.02360989816300443,0.02360989816300443,-0.007910119156490245,0.01131957615854793,0.011582664212213111,0.008617776948733632,-0.0
2024-04-15,0.027940192964816597,0.028225907250530882,0.04293210372371671,-0.00997825130769807,-0.003213173481817782,-0.0015147716836699642,-0.0002857142857142857
2024-05-13,0.058440880446793006,0.05872659473250729,0.012229219801111958,0.029045954636682778,0.005324464874014295,0.012126955420698264,-0.0002857142857142857
2024-06-11,0.028955866592129016,0.029527295163557586,0.03307722630844053,0.0008592865389284495,-0.001835152278671795,-0.0025740654051395985,-0.0005714285714285714
2024-07-11,-0.061890728702425554,-0.060747871559568414,-0.0015029892744222641,-0.038460691012755954,-0.014551295701562661,-0.006232895570827535,-0.0011428571428571427
2024-08-08,0.004143536211921073,0.004714964783349645,0.019297734914200528,-0.008706480451683964,-0.0003112582061203695,-0.005565031473046549,-0.0005714285714285714
2024-09-06,0.06705442395715429,0.06848299538572572,0.047544123449669344,-0.005569768963111481,0.016869135117652277,0.009639505781515584,-0.0014285714285714284
2024-10-04,0.0018194737747227999,0.0029623309175799426,-0.01728911201170198,0.029177013531933096,-0.00567990856532348,-0.0032456620373277024,-0.0011428571428571427
2024-11-01,0.008229137897686072,0.009371995040543216,0.03949484832999051,0.007605327127672529,-0.01681454027734747,-0.020913640139772358,-0.0011428571428571427
2024-12-02,-0.02367535988670659,-0.02281821702956373,-0.05082686504771837,0.025336872234056288,-0.0011889845390528997,0.0038607603231512405,-0.000857142857142857
2024-12-31,0.07881860723033034,0.07939003580175891,0.045169621593686995,0.023137607173187674,0.004606713198638116,0.006476093836246138,-0.0005714285714285714
2025-01-31,-0.07442479615239381,-0.07385336758096524,-0.00709940164905817,-0.031235534985828515,-0.020487894909068043,-0.01503053603701051,-0.0005714285714285714
2025-03-03,-0.06363109551355846,-0.0627739526564156,-0.01603995218594737,-0.02894632477735178,-0.012078186951683766,-0.005709488741432686,-0.0008571428571428571
2025-03-31,-0.0056158867932982704,-0.004758743936155414,-0.029280763594298705,0.016084625463450408,0.0030373179154151103,0.005400076279277769,-0.000857142857142857
2025-04-29,0.03662334957477752,0.038337635289063234,0.020955543415692345,-0.01845359433654247,0.022909089270877016,0.012926596939036342,-0.001714285714285714
2025-05-28,0.06441211975741286,0.06584069118598429,0.041372940071801693,0.018914761840927913,0.0016260069179292493,0.003926982355325431,-0.0014285714285714284
2025-06-26,0.04255663106616346,0.04312805963759203,0.04070429083529413,0.001711393982429442,0.0004695130407069382,0.00024286177916153003,-0.0005714285714285714
2025-07-25,0.04018586251896424,0.04075729109039281,0.018270025469142356,0.007159761557485869,0.00975386622239565,0.005573637841368943,-0.0005714285714285714
2025-08-22,0.06788137621012404,0.0687385190672669,0.014583242974538476,0.030721168372081394,0.014912614004048114,0.00852149371659892,-0.000857142857142857
2025-09-22,0.00886813363663395,0.009439562208062522,0.0185385230204145,-0.017326659832643976,0.005486343967158837,0.0027413550531331637,-0.0005714285714285714
2025-10-20,-0.021707695783640468,-0.021421981497926183,-0.012498782573547263,-0.008393753215181252,-0.0010218271050992022,0.0004923813959015349,-0.0002857142857142857
2025-11-17,0.04714048476856147,0.04771191333999004,0.018640580092014438,0.02458997127597344,-0.0013877842052807117,0.005869146177282879,-0.0005714285714285714
2025-12-16,0.036039272888679474,0.036610701460108044,0.041436874805015345,-0.01920577725911261,0.007201698654878657,0.007177905259326646,-0.0005714285714285714
2026-01-15,0.017055295067504136,0.01819815221036128,0.041375962178391616,-0.022324711002975145,3.771281361396122e-05,-0.0008908117786691502,-0.0011428571428571427
2026-02-13,-0.02200231539371768,-0.020859458250860538,-0.02101076196825197,0.011681126077105876,-0.007670097361708063,-0.003859724998006387,-0.0011428571428571427
2026-03-16,0.06893015043140373,0.07007300757426087,0.02158377108921533,0.038454472801270755,0.004931864279800118,0.005102899403974676,-0.0011428571428571427
2026-04-14,0.06395579566483907,0.06481293852198193,0.026747228641192992,0.014718467209633346,0.01656965394214083,0.006777588729014767,-0.0008571428571428571
2026-05-12,-0.04741291469909378,-0.04627005755623664,-0.016066789865443333,-0.001576699393095843,-0.01785200562786691,-0.010774562669830564,-0.0011428571428571427
2026-06-10,0.04508930706298633,0.046232164205843466,0.019752251017678395,0.005442694374242872,0.012942160600449682,0.008095058213472527,-0.0011428571428571427
2026-07-10,0.0843838138849606,0.08552667102781775,0.027120834306256933,0.028639264853697374,0.018109275293503625,0.011657296574359814,-0.0011428571428571427
2026-08-07,-0.006736272143940614,-0.006164843572512043,-0.0035346689796499813,-0.01748738451338139,0.00864557946988674,0.006211630450632595,-0.0005714285714285714
