sector,allocation,selection,interaction,total,average_portfolio_weight,average_benchmark_weight
Information Technology,0.1330304896378441,0.07572804010865784,0.09421070211728902,0.302969231863791,0.19413919413919414,0.09090909090909091
Materials,0.018897970600802963,0.05070691542499726,0.03549414255076506,0.10509902857656528,0.10989010989010989,0.09090909090909091
Financials,0.10058614673873034,-0.002703832096857227,-0.014597525121694672,0.08328478952017844,0.13186813186813184,0.09090909090909091
Health Care,0.03189519706093994,0.0014717202828168038,0.015533153302499322,0.048900070646256066,0.06593406593406592,0.09090909090909091
Consumer Discretionary,-0.03662152907888546,0.05086712232062117,0.03210914170026521,0.046354734942000916,0.10622710622710621,0.09090909090909091
Real Estate,0.04314415574162346,-0.00020824310520938753,-0.00011899606011964983,0.042816916576294425,0.007326007326007326,0.09090909090909091
Utilities,0.025240199025537,-0.00551382532044562,-0.0031507573259689243,0.016575616379122457,0.014652014652014652,0.09090909090909091
Communication Services,-0.012404138785852482,0.014468041134784485,0.005814637826568617,0.007878540175500619,0.1978021978021978,0.09090909090909091
Consumer Staples,0.010691693613055693,-0.014498172503520377,-0.008487834477164013,-0.012294313367628696,0.036630036630036625,0.09090909090909091
Industrials,-0.05500459369527659,0.024312969088731803,0.013893125193561028,-0.01679849941298376,0.047619047619047616,0.09090909090909091
Energy,-0.019291960999987198,-0.024630713221821216,-0.011919889341274087,-0.0558425635630825,0.0879120879120879,0.09090909090909091
