client_id,report
R1,"# Investment proposal — Sample client A — early-career saver

*Goal: Retirement · Horizon: 30 years · Profile: **Growth** · Suitability: **SUITABLE***

## Your risk profile
Willingness 4 vs capacity 5: the lower sets the profile; discuss the gap with the client.
Willingness to take risk 4/5, capacity 5/5. You told us a loss of about 30% in a bad year is your limit.

## Recommended mix
| Holding | Weight | Example fund |
|---|---:|---|
| US equity | 51% | SPY |
| International developed equity | 30% | EFA |
| US REITs | 10% | VNQ |
| Emerging-market equity | 4% | EEM |
| Investment-grade credit | 3% | LQD |
| Cash (T-bills) | 2% | BIL |

Expected return about **9.6% a year** (before inflation of about 2.4%), with typical swings (volatility) of 13%. In a bad year (about 1 in 20) the portfolio could fall about **12%**.

## Your goal
Chance of reaching 600,000 (today's money) in 30 years: **51%**. Median outcome 608,588; poor case (10th percentile) 337,372.
Saving about **9,291 a year** would raise the chance to 80%.

## Suitability checks
- ✅ Volatility within the risk profile: 13.0% vs limit 13.0% *(CFA Standard III(C) Suitability)*
- ✅ A 1-in-20 bad year within loss tolerance: possible loss 12% vs tolerance 30% *(CFA Standard III(C) Suitability)*
- ✅ Equity share suits the horizon and profile: equity 85% vs cap 85% (30-year horizon) *(CFA Standard III(C) Suitability)*
- ✅ No single sleeve above 60%: largest US equity 51% *(CFA Standard III(C) Suitability)*
- ✅ Complex or speculative holdings only for experienced investors: complex holdings 0%; experience Some *(CFA Standard III(C) Suitability)*
- ✅ Cash covers the next 12 months' needs: cash 2.0% vs need 0.0% *(CFA Standard III(C) Suitability)*

## Important
- Projections use assumptions (below) and 10,000 simulated market paths. They are estimates, not guarantees; real returns can be worse.
- Expected returns are built from today's yields and spreads plus stated premiums; they change with markets.
- This is a proposal for discussion. Any change requires your approval; nothing is executed automatically."
R2,"# Investment proposal — Sample client B — family saving for education

*Goal: Child's university · Horizon: 12 years · Profile: **Moderate** · Suitability: **SUITABLE***

## Your risk profile
Willingness 3 vs capacity 4: the lower sets the profile; discuss the gap with the client.
Willingness to take risk 3/5, capacity 4/5. You told us a loss of about 20% in a bad year is your limit.

## Recommended mix
| Holding | Weight | Example fund |
|---|---:|---|
| US equity | 43% | SPY |
| Inflation-linked Treasuries | 21% | TIP |
| International developed equity | 19% | EFA |
| US REITs | 10% | VNQ |
| Cash (T-bills) | 4% | BIL |
| Investment-grade credit | 3% | LQD |

Expected return about **8.4% a year** (before inflation of about 2.4%), with typical swings (volatility) of 10%. In a bad year (about 1 in 20) the portfolio could fall about **8%**.

## Your goal
Chance of reaching 220,000 (today's money) in 12 years: **67%**. Median outcome 242,986; poor case (10th percentile) 181,313.
Saving about **10,510 a year** would raise the chance to 80%.

## Suitability checks
- ✅ Volatility within the risk profile: 10.0% vs limit 10.0% *(CFA Standard III(C) Suitability)*
- ✅ A 1-in-20 bad year within loss tolerance: possible loss 8% vs tolerance 20% *(CFA Standard III(C) Suitability)*
- ✅ Equity share suits the horizon and profile: equity 62% vs cap 65% (12-year horizon) *(CFA Standard III(C) Suitability)*
- ✅ No single sleeve above 60%: largest US equity 43% *(CFA Standard III(C) Suitability)*
- ✅ Complex or speculative holdings only for experienced investors: complex holdings 0%; experience Some *(CFA Standard III(C) Suitability)*
- ✅ Cash covers the next 12 months' needs: cash 4.0% vs need 4.0% *(CFA Standard III(C) Suitability)*

## Important
- Projections use assumptions (below) and 10,000 simulated market paths. They are estimates, not guarantees; real returns can be worse.
- Expected returns are built from today's yields and spreads plus stated premiums; they change with markets.
- This is a proposal for discussion. Any change requires your approval; nothing is executed automatically."
R3,"# Investment proposal — Sample client C — recent retiree drawing income

*Goal: Retirement income · Horizon: 25 years · Profile: **Moderately conservative** · Suitability: **SUITABLE***

## Your risk profile
Willingness 2 vs capacity 4: the lower sets the profile; discuss the gap with the client.
Willingness to take risk 2/5, capacity 4/5. You told us a loss of about 10% in a bad year is your limit.

## Recommended mix
| Holding | Weight | Example fund |
|---|---:|---|
| US equity | 32% | SPY |
| Inflation-linked Treasuries | 25% | TIP |
| Cash (T-bills) | 16% | BIL |
| International developed equity | 12% | EFA |
| US REITs | 8% | VNQ |
| Investment-grade credit | 7% | LQD |

Expected return about **7.4% a year** (before inflation of about 2.4%), with typical swings (volatility) of 8%. In a bad year (about 1 in 20) the portfolio could fall about **5%**.

## Your goal
Chance the money lasts 25 years while withdrawing 30,000 a year (rising with inflation): **98%**.

## Suitability checks
- ✅ Volatility within the risk profile: 7.5% vs limit 7.5% *(CFA Standard III(C) Suitability)*
- ✅ A 1-in-20 bad year within loss tolerance: possible loss 5% vs tolerance 10% *(CFA Standard III(C) Suitability)*
- ✅ Equity share suits the horizon and profile: equity 43% vs cap 45% (25-year horizon) *(CFA Standard III(C) Suitability)*
- ✅ No single sleeve above 60%: largest US equity 32% *(CFA Standard III(C) Suitability)*
- ✅ Complex or speculative holdings only for experienced investors: complex holdings 0%; experience Extensive *(CFA Standard III(C) Suitability)*
- ✅ Cash covers the next 12 months' needs: cash 16.2% vs need 4.6% *(CFA Standard III(C) Suitability)*

## Important
- Projections use assumptions (below) and 10,000 simulated market paths. They are estimates, not guarantees; real returns can be worse.
- Expected returns are built from today's yields and spreads plus stated premiums; they change with markets.
- This is a proposal for discussion. Any change requires your approval; nothing is executed automatically."
I1,"# Investment proposal — Sample foundation (perpetual endowment)

*Goal: Fund 4.5% annual spending in real terms · Horizon: 30 years · Profile: **Growth** · Suitability: **SUITABLE***

## Your risk profile
Set by the IPS: volatility at most 13%; required return 7.36% (spending/liabilities + inflation + costs).

## Recommended mix
| Holding | Weight | Example fund |
|---|---:|---|
| US equity | 40% | SPY |
| International developed equity | 30% | EFA |
| Emerging-market equity | 13% | EEM |
| Investment-grade credit | 11% | LQD |
| Cash (T-bills) | 4% | BIL |
| US REITs | 1% | VNQ |

Expected return about **9.4% a year** (before inflation of about 2.4%), with typical swings (volatility) of 13%. In a bad year (about 1 in 20) the portfolio could fall about **12%**.

## Your goal
Chance the money lasts 30 years while withdrawing 1,125,000 a year (rising with inflation): **93%**.

## Suitability checks
- ✅ Volatility within the risk profile: 13.0% vs limit 13.0% *(CFA Standard III(C) Suitability)*
- ✅ A 1-in-20 bad year within loss tolerance: possible loss 12% vs tolerance 20% *(CFA Standard III(C) Suitability)*
- ✅ Equity share suits the horizon and profile: equity 84% vs cap 85% (30-year horizon) *(CFA Standard III(C) Suitability)*
- ✅ No single sleeve above 60%: largest US equity 40% *(CFA Standard III(C) Suitability)*
- ✅ Complex or speculative holdings only for experienced investors: complex holdings 0%; experience institutional *(CFA Standard III(C) Suitability)*
- ✅ Cash covers the next 12 months' needs: cash 4.5% vs need 4.5% *(CFA Standard III(C) Suitability)*
- ✅ IPS exclusions respected: none held *(Investment policy statement)*
- ✅ IPS minimum fixed income: 15% vs minimum 15% *(Investment policy statement)*
- ✅ IPS maximum alternatives: 1% vs maximum 25% *(Investment policy statement)*
- ✅ Expected return meets the return objective: expected 9.42% vs required 7.36% *(Investment policy statement)*

## Important
- Projections use assumptions (below) and 10,000 simulated market paths. They are estimates, not guarantees; real returns can be worse.
- Expected returns are built from today's yields and spreads plus stated premiums; they change with markets.
- This is a proposal for discussion. Any change requires your approval; nothing is executed automatically."
I2,"# Investment proposal — Sample pension plan (de-risking)

*Goal: Match liabilities growing 5% a year · Horizon: 15 years · Profile: **Moderately conservative** · Suitability: **SUITABLE***

## Your risk profile
Set by the IPS: volatility at most 9%; required return 5.00% (spending/liabilities + inflation + costs).

## Recommended mix
| Holding | Weight | Example fund |
|---|---:|---|
| US equity | 32% | SPY |
| Inflation-linked Treasuries | 25% | TIP |
| Cash (T-bills) | 16% | BIL |
| International developed equity | 12% | EFA |
| US REITs | 8% | VNQ |
| Investment-grade credit | 7% | LQD |

Expected return about **7.4% a year** (before inflation of about 2.4%), with typical swings (volatility) of 8%. In a bad year (about 1 in 20) the portfolio could fall about **5%**.

## Your goal
Chance the money lasts 15 years while withdrawing 4,000,000 a year (rising with inflation): **100%**.

## Suitability checks
- ✅ Volatility within the risk profile: 7.5% vs limit 9.0% *(CFA Standard III(C) Suitability)*
- ✅ A 1-in-20 bad year within loss tolerance: possible loss 5% vs tolerance 12% *(CFA Standard III(C) Suitability)*
- ✅ Equity share suits the horizon and profile: equity 43% vs cap 45% (15-year horizon) *(CFA Standard III(C) Suitability)*
- ✅ No single sleeve above 60%: largest US equity 32% *(CFA Standard III(C) Suitability)*
- ✅ Complex or speculative holdings only for experienced investors: complex holdings 0%; experience institutional *(CFA Standard III(C) Suitability)*
- ✅ Cash covers the next 12 months' needs: cash 16.2% vs need 5.0% *(CFA Standard III(C) Suitability)*
- ✅ IPS exclusions respected: none held *(Investment policy statement)*
- ✅ IPS minimum fixed income: 48% vs minimum 45% *(Investment policy statement)*
- ✅ IPS maximum alternatives: 8% vs maximum 10% *(Investment policy statement)*
- ✅ Expected return meets the return objective: expected 7.37% vs required 5.00% *(Investment policy statement)*

## Important
- Projections use assumptions (below) and 10,000 simulated market paths. They are estimates, not guarantees; real returns can be worse.
- Expected returns are built from today's yields and spreads plus stated premiums; they change with markets.
- This is a proposal for discussion. Any change requires your approval; nothing is executed automatically."
