sector,companies,median_ev_revenue,median_ev_ebitda,median_revenue_growth,source
Information Technology,3,11.646466748021243,28.671449085282646,0.1778868679984666,day76_fundamental_metrics.csv
Real Estate,3,10.14581935881496,18.372254935146078,0.067209809730968,day76_fundamental_metrics.csv
Communication Services,3,8.483921535853463,13.40142119046045,0.2005040401293487,day76_fundamental_metrics.csv
Health Care,3,6.5939691037412995,14.582161813291494,0.0805720149624284,day76_fundamental_metrics.csv
Utilities,3,5.565200487814911,12.446629463371995,0.0746887966804979,day76_fundamental_metrics.csv
Industrials,2,5.040740619405751,9.510048007265127,0.0759041923408795,day76_fundamental_metrics.csv
Materials,3,4.839311739166909,41.316718852954,0.0662956835614378,day76_fundamental_metrics.csv
Consumer Staples,3,4.148216785055245,18.286627461580473,0.0510556621880998,day76_fundamental_metrics.csv
Consumer Discretionary,3,3.568724782897939,15.309424943695312,0.063008442056792,day76_fundamental_metrics.csv
Energy,2,2.261354876267001,,0.0990133412208962,day76_fundamental_metrics.csv
